Time,Sales,livestock1,livestock2,livestock3,livestock4,livestock5,livestock6,corn1,corn2,corn3,corn4,wheat1,wheat2,wheat3,wheat4,wheat5,hay1,hay2,dairy1,dairy2,dairy3,dairy4,dairy5,dairy6,BRLCSPOT.D7,STRTXOK.D7,FarmIncome,Non-ResidentialInvest,HOUST,RealGDP,Unemploy,Interest_US,ConsumerInflt,30YearMtggRate,ConstructionEm,ConsumerConfidenceI
1990-01-31,505,,79.06,,,,,239.83,229.41,2.31,2.69,402.53,396.76,429.99,3.71,,84.9,93.3,,,,,,15.5,,79.06,46.26,,1551.0,8947.1,5.4,10.11,1.28,9.9,5.42,106.5
1990-02-28,467,,79.04,,,,,241.59,234.97,2.32,2.7,392.28,386.3,412.67,3.56,,85.7,95.2,,,,,,14.5,,79.04,46.26,,1437.0,8947.1,5.3,10.0,1.28,10.2,5.42,106.7
1990-03-31,467,,79.16,,,,,250.58,244.68,2.37,2.72,387.13,377.33,403.26,3.48,,87.5,96.7,,,,,,13.9,,79.16,46.26,,1289.0,8947.1,5.2,10.0,1.29,10.27,5.39,110.6
1990-04-30,593,,79.89,,,,,273.49,263.98,2.51,3.01,383.06,367.06,412.49,3.49,,95.0,103.0,,,,,,13.4,,79.89,46.26,,1248.0,8981.7,5.4,10.0,1.29,10.37,5.36,107.3
1990-05-31,866,,78.28,,,,,284.34,273.86,2.62,3.08,371.44,365.44,389.52,3.4,,96.0,104.0,,,,,,13.5,,78.28,46.26,,1212.0,8981.7,5.4,10.0,1.29,10.48,5.32,107.3
1990-06-30,715,,76.75,,,,,285.51,276.64,2.63,3.05,326.43,332.3,359.68,3.08,,85.0,92.6,,,,,,13.8,,76.75,46.26,,1177.0,8981.7,5.2,10.0,1.3,10.16,5.3,102.4
1990-07-31,591,,75.44,,,,,273.58,267.62,2.62,2.92,304.43,304.6,310.61,2.79,,81.6,89.4,,,,,,14.0,,75.44,46.26,,1171.0,8983.9,5.5,10.0,1.31,10.04,5.27,101.7
1990-08-31,371,,77.63,,,,,251.11,253.33,2.51,2.79,282.64,280.33,288.33,2.58,,81.0,86.3,,,,,,14.2,,77.63,46.26,,1115.0,8983.9,5.7,10.0,1.32,10.1,5.23,84.7
1990-09-30,269,,78.25,,,,,234.14,225.24,2.32,2.59,262.43,266.55,283.09,2.46,,83.2,89.2,,,,,,13.9,,78.25,46.26,,1110.0,8983.9,5.9,10.0,1.33,10.18,5.2,85.6
1990-10-31,778,,79.77,,,,,229.79,217.98,2.19,2.55,262.34,267.67,280.2,2.43,,84.0,90.7,,,,,,13.1,,79.77,46.26,,1014.0,8907.4,5.9,10.0,1.33,10.18,5.13,62.6
1990-11-30,618,,81.16,,,,,226.18,219.45,2.16,2.54,250.46,254.63,278.44,2.39,,80.4,85.7,,,,,,12.7,,81.16,46.26,,1145.0,8907.4,6.2,10.0,1.34,10.01,5.1,61.7
1990-12-31,531,,81.38,,,,,228.7,226.65,2.22,2.6,250.52,254.84,277.86,2.4,,78.7,84.6,,,,,,11.7,,81.38,46.26,,969.0,8907.4,6.3,10.0,1.34,9.67,5.05,61.2
1991-01-31,241,,79.32,,,,,237.52,231.39,2.27,2.68,249.77,254.75,270.8,2.42,,77.9,84.2,,,,,,11.7,,79.32,40.23,,798.0,8865.6,6.4,9.52,1.35,9.64,4.97,55.1
1991-02-28,231,,79.53,,,,,240.36,236.21,2.32,2.7,252.87,254.58,275.95,2.42,,77.8,84.8,,,,,,11.6,,79.53,40.23,,965.0,8865.6,6.6,9.05,1.35,9.37,4.93,59.4
1991-03-31,506,0.51,80.96,,,,,248.33,244.9,2.39,2.77,275.58,276.18,293.94,2.53,,80.5,85.9,,,,,,11.4,0.51,80.96,40.23,,921.0,8865.6,6.8,9.0,1.35,9.5,4.88,81.1
1991-04-30,703,0.52,80.73,,,,,255.55,250.2,2.42,2.8,279.7,282.08,297.97,2.6,,85.5,90.1,,,,,,11.3,0.52,80.73,40.23,,1001.0,8934.4,6.7,9.0,1.35,9.49,4.84,79.4
1991-05-31,765,0.52,78.2,,,,,243.63,240.43,2.38,2.69,283.37,284.98,302.64,2.65,,81.1,86.5,,,,,,11.3,0.52,78.2,40.23,,996.0,8934.4,6.9,8.5,1.36,9.47,4.8,76.4
1991-06-30,576,0.53,74.2,,,,,239.48,233.95,2.31,2.65,286.33,285.46,298.66,2.55,,75.2,80.1,,,,,,11.4,0.53,74.2,40.23,,1036.0,8934.4,6.9,8.5,1.36,9.62,4.78,78.0
1991-07-31,297,0.54,72.36,,,,,238.82,233.64,2.27,2.67,277.85,272.58,290.9,2.5,,71.8,75.4,,,,,,11.8,0.54,72.36,40.23,,1063.0,8977.3,6.8,8.5,1.36,9.58,4.75,77.7
1991-08-31,319,0.54,67.18,,,,,249.42,245.3,2.33,2.79,297.26,297.15,310.2,2.63,,70.8,74.0,,,,,,12.4,0.54,67.18,40.23,,1049.0,8977.3,6.9,8.5,1.37,9.24,4.73,76.1
1991-09-30,296,0.54,69.35,,,,,248.51,238.73,2.33,2.76,324.14,324.24,331.06,2.8,,69.8,72.3,,,,,,12.8,0.54,69.35,40.23,,1015.0,8977.3,6.9,8.2,1.37,9.01,4.73,72.9
1991-10-31,780,0.52,71.14,,,,,250.87,240.78,2.31,2.76,350.35,351.85,363.7,3.07,,68.5,71.2,,,,,,13.5,0.52,71.14,40.23,,1079.0,9016.4,7.0,8.0,1.37,8.86,4.7,60.1
1991-11-30,247,0.5,72.41,,,,,243.45,241.08,2.29,2.72,357.15,359.18,376.24,3.25,,68.2,71.0,,,,,,13.9,0.5,72.41,40.23,,1103.0,9016.4,7.0,7.58,1.38,8.71,4.64,52.7
1991-12-31,522,0.5,70.84,,,,,246.76,241.43,2.33,2.71,384.86,394.48,406.07,3.44,,68.9,72.0,,,,,,13.8,0.5,70.84,40.23,,1079.0,9016.4,7.3,7.21,1.38,8.5,4.65,52.5
1992-01-31,271,0.5,73.92,,,,,258.03,248.82,2.4,2.7,411.41,419.11,435.0,3.54,,68.7,72.3,,,,,,13.4,0.5,73.92,50.71,,1176.0,9123.0,7.3,6.5,1.38,8.43,4.67,50.2
1992-02-29,209,0.5,77.24,,,,,264.5,257.92,2.46,2.89,403.92,427.34,450.74,3.78,,71.1,74.5,,,,,,12.9,0.5,77.24,50.71,,1250.0,9123.0,7.4,6.5,1.39,8.76,4.61,47.3
1992-03-31,484,0.5,78.1,,,,,267.42,263.43,2.49,2.96,370.0,394.9,432.72,3.72,,69.9,72.9,,,,,,12.5,0.5,78.1,50.71,,1297.0,9123.0,7.4,6.5,1.39,8.94,4.62,56.5
1992-04-30,413,0.45,78.09,,,,,253.25,249.55,2.48,2.77,353.19,369.8,408.11,3.65,,70.9,73.7,,,,,,12.6,0.45,78.09,50.71,,1099.0,9223.5,7.4,6.5,1.39,8.85,4.6,65.1
1992-05-31,342,0.54,76.29,,,,,254.86,251.38,2.49,2.77,361.86,369.89,389.66,3.64,,79.5,84.0,,,,,,12.8,0.54,76.29,50.71,,1214.0,9223.5,7.6,6.5,1.4,8.67,4.61,71.9
1992-06-30,310,0.53,73.49,,,,,255.6,250.82,2.47,2.8,364.7,358.03,391.32,3.43,,75.8,80.4,,,,,,13.2,0.53,73.49,50.71,,1145.0,9223.5,7.8,6.5,1.4,8.51,4.58,72.6
1992-07-31,180,0.57,73.01,,,,,232.36,231.23,2.33,2.61,337.53,337.28,351.74,3.15,,69.7,73.7,,,,,,13.4,0.57,73.01,50.71,,1139.0,9313.2,7.7,6.02,1.41,8.13,4.57,61.2
1992-08-31,179,0.56,74.14,,,,,219.2,216.93,2.15,2.48,312.88,312.04,326.76,3.01,,71.9,75.4,,,,,,13.5,0.56,74.14,50.71,,1226.0,9313.2,7.6,6.0,1.41,7.98,4.58,59.0
1992-09-30,168,0.52,75.04,,,,,221.02,214.69,2.16,2.5,327.78,333.24,356.0,3.2,,70.1,73.4,,,,,,13.5,0.52,75.04,50.71,,1186.0,9313.2,7.6,6.0,1.41,7.92,4.58,57.3
1992-10-31,498,0.54,75.96,,,,,208.9,195.27,2.05,2.4,338.15,349.56,358.76,3.22,,70.3,73.7,,,,,,13.4,0.54,75.96,50.71,,1244.0,9406.5,7.3,6.0,1.42,8.09,4.6,54.6
1992-11-30,342,0.55,75.23,,,,,211.83,202.23,1.98,2.42,359.05,368.85,377.25,3.29,4.01,71.0,74.9,,,,,,13.1,0.55,75.23,50.71,,1214.0,9406.5,7.4,6.0,1.42,8.31,4.61,65.6
1992-12-31,323,0.51,78.43,,,,,212.73,205.4,1.97,2.39,357.01,366.64,381.24,2.96,4.02,76.3,77.2,,,,,,12.8,0.51,78.43,50.71,,1227.0,9406.5,7.4,6.0,1.42,8.22,4.63,78.1
1993-01-31,313,0.52,79.87,,,,,217.66,206.28,2.03,2.39,375.23,376.88,396.56,3.37,4.2,76.1,79.8,,,,,,12.5,0.52,79.87,46.73,,1210.0,9424.1,7.3,6.0,1.43,8.02,4.66,76.7
1993-02-28,228,0.53,81.01,,,,,212.32,205.34,2.0,2.4,365.89,368.76,374.5,3.33,4.02,78.0,82.4,,,,,,12.2,0.53,81.01,46.73,,1210.0,9424.1,7.1,6.0,1.43,7.68,4.71,68.5
1993-03-31,367,0.54,82.74,,,,,219.05,215.78,2.1,2.48,358.23,380.11,373.76,3.3,4.0,80.5,84.8,,,,,,12.2,0.54,82.74,46.73,,1083.0,9424.1,7.0,6.0,1.43,7.5,4.68,63.2
1993-04-30,613,0.55,81.76,,,,,228.7,222.74,2.16,2.55,372.17,352.25,359.21,3.26,3.84,83.6,86.9,,,,,,12.6,0.55,81.76,46.73,,1258.0,9480.1,7.1,6.0,1.44,7.47,4.69,67.6
1993-05-31,358,0.58,80.92,,,,,225.95,219.79,2.14,2.5,352.04,331.74,350.78,3.11,3.65,91.3,95.4,,,,,,12.9,0.58,80.92,46.73,,1260.0,9480.1,7.1,6.0,1.44,7.47,4.75,61.9
1993-06-30,346,0.55,77.15,,,,,218.08,208.41,2.09,2.36,281.03,283.22,332.23,2.84,3.3,83.0,88.0,,,,,,13.0,0.55,77.15,46.73,,1280.0,9480.1,7.0,6.0,1.44,7.42,4.76,58.6
1993-07-31,208,0.55,74.73,,,,,236.56,225.5,2.22,2.59,301.46,302.52,337.99,2.85,3.47,79.2,84.0,,,,,,12.8,0.55,74.73,46.73,,1254.0,9526.3,6.9,6.0,1.45,7.21,4.78,59.2
1993-08-31,231,0.58,75.21,,,,,237.34,225.43,2.25,2.55,306.13,308.67,333.29,2.96,3.54,80.9,85.2,,,,,,12.4,0.58,75.21,46.73,,1300.0,9526.3,6.8,6.0,1.45,7.11,4.81,59.3
1993-09-30,277,0.58,73.38,,,,,235.89,221.88,2.21,2.57,297.05,305.32,336.98,3.1,3.56,81.8,87.1,,,,,,12.8,0.58,73.38,46.73,,1343.0,9526.3,6.7,6.0,1.45,6.92,4.82,63.8
1993-10-31,555,0.56,71.9,,,,,248.6,227.02,2.28,2.68,308.23,326.39,350.11,3.25,3.7,84.6,88.9,,,,,,13.1,0.56,71.9,46.73,,1392.0,9653.5,6.8,6.0,1.46,6.83,4.87,60.5
1993-11-30,645,0.56,73.12,,,,,273.82,262.69,2.45,2.94,328.21,345.76,388.7,3.47,,83.0,87.8,,,,,,13.6,0.56,73.12,46.73,,1376.0,9653.5,6.6,6.0,1.46,7.16,4.89,71.9
1993-12-31,698,0.53,72.39,,,,,289.55,280.64,2.67,3.08,353.82,367.31,415.41,3.63,4.32,85.2,89.7,,,,12.51,,13.5,0.53,72.39,46.73,,1533.0,9653.5,6.5,6.0,1.46,7.17,4.93,79.8
1994-01-31,356,0.53,72.94,,,,,302.13,288.52,2.7,3.22,365.58,380.01,400.98,3.58,4.17,86.1,90.5,,,,12.41,,13.6,0.53,72.94,52.58,,1272.0,9748.2,6.6,6.0,1.46,7.06,4.94,82.6
1994-02-28,247,0.55,73.08,,,,,291.03,282.13,2.79,3.14,352.7,366.33,380.09,3.6,3.99,88.1,93.2,,,,12.41,,13.4,0.55,73.08,52.58,,1337.0,9748.2,6.6,6.0,1.47,7.15,4.92,79.9
1994-03-31,594,0.57,75.32,,,,,280.29,275.65,2.74,3.05,323.39,333.15,363.82,3.7,3.84,91.1,95.6,,,,12.77,,13.5,0.57,75.32,52.58,,1564.0,9748.2,6.5,6.06,1.47,7.68,4.99,86.7
1994-04-30,574,0.58,75.52,,,,,266.72,260.39,2.65,2.88,317.68,328.36,364.26,3.56,3.82,96.4,100.0,,,,12.99,,13.4,0.58,75.52,52.58,,1465.0,9881.4,6.4,6.45,1.47,8.32,5.05,92.1
1994-05-31,364,0.61,68.55,,,,,263.98,257.36,2.6,2.81,314.77,321.9,366.07,3.43,3.8,100.0,106.0,,,,11.51,,12.8,0.61,68.55,52.58,,1526.0,9881.4,6.1,6.99,1.48,8.6,5.08,88.9
1994-06-30,296,0.6,63.29,,,,,267.74,260.91,2.61,2.85,320.55,328.15,360.3,3.21,3.78,88.8,94.3,,,,11.25,,12.6,0.6,63.29,52.58,,1409.0,9881.4,6.1,7.25,1.48,8.4,5.1,92.5
1994-07-31,259,0.57,66.43,,,,,230.11,218.95,2.29,2.51,312.9,319.1,347.51,3.04,3.74,82.4,88.0,,,,11.41,,12.2,0.57,66.43,52.58,,1439.0,9939.7,6.1,7.25,1.48,8.61,5.13,91.3
1994-08-31,218,0.55,67.78,,,,,219.21,212.54,2.16,2.44,333.96,344.87,369.92,3.25,3.98,82.9,89.9,,,,11.73,,12.4,0.55,67.78,52.58,,1450.0,9939.7,6.0,7.51,1.49,8.51,5.14,90.4
1994-09-30,268,0.56,66.87,,,,,219.31,207.98,2.19,2.48,366.02,381.73,403.35,3.57,4.32,82.0,89.5,,,,12.04,,12.8,0.56,66.87,52.58,,1474.0,9939.7,5.9,7.75,1.49,8.64,5.18,89.5
1994-10-31,582,0.54,66.19,,,,,215.95,191.78,2.06,2.44,390.28,402.95,432.03,3.76,4.55,86.5,91.6,,,,12.29,,13.0,0.54,66.19,52.58,,1450.0,10052.5,5.8,7.75,1.49,8.93,5.18,89.1
1994-11-30,473,0.5,69.42,,,,,215.7,203.62,1.99,2.43,371.23,377.63,423.84,3.75,4.42,86.5,92.5,,,,11.86,,13.1,0.5,69.42,52.58,,1511.0,10052.5,5.6,8.15,1.5,9.17,5.21,100.4
1994-12-31,550,0.51,69.32,,,,,221.27,216.24,2.13,2.61,385.99,384.92,427.07,3.74,4.46,85.1,92.5,,,,11.38,,12.8,0.51,69.32,52.58,,1455.0,10052.5,5.5,8.5,1.5,9.2,5.23,103.4
1995-01-31,366,0.51,73.47,,,,,232.46,221.9,2.19,2.72,376.51,380.14,404.84,3.69,4.26,83.6,89.0,,,,11.35,10.04,12.6,0.51,73.47,39.79,,1407.0,10086.9,5.6,8.5,1.51,9.15,5.23,101.4
1995-02-28,452,0.52,73.6,,,,,233.41,226.56,2.23,2.72,363.08,366.82,397.64,3.61,4.19,83.6,89.0,,,,11.79,10.1,12.5,0.52,73.6,39.79,,1316.0,10086.9,5.4,9.0,1.51,8.83,5.19,99.4
1995-03-31,655,0.52,70.42,,,,,241.71,235.61,2.3,2.79,343.55,351.28,385.78,3.52,4.07,83.4,89.0,,,,11.89,10.19,12.6,0.52,70.42,39.79,,1249.0,10086.9,5.4,9.0,1.51,8.46,5.24,100.2
1995-04-30,810,0.52,67.7,,,,,248.66,241.13,2.36,2.79,344.88,351.24,386.7,3.48,4.05,86.1,89.4,,,,11.16,10.24,12.3,0.52,67.7,39.79,,1267.0,10122.1,5.8,9.0,1.52,8.32,5.25,104.6
1995-05-31,507,0.53,64.65,,,,,256.31,249.66,2.42,2.84,359.62,367.4,421.97,3.67,4.32,90.8,94.8,,,,11.12,10.24,12.3,0.53,64.65,39.79,,1314.0,10122.1,5.6,9.0,1.52,7.96,5.22,102.0
1995-06-30,258,0.56,63.89,,,,,272.76,265.14,2.51,3.04,392.9,397.9,472.94,3.84,4.63,83.9,89.5,,,,11.42,10.33,12.1,0.56,63.89,39.79,,1281.0,10122.1,5.6,9.0,1.52,7.57,5.25,94.6
1995-07-31,216,0.59,61.86,,,,,286.91,279.03,2.63,3.23,440.91,446.58,498.13,4.1,5.15,82.8,88.2,,,11.42,11.23,10.59,12.0,0.59,61.86,39.79,,1461.0,10208.8,5.7,8.8,1.53,7.61,5.26,101.4
1995-08-31,265,0.62,62.05,,,,,283.05,268.17,2.63,3.21,428.23,436.32,476.27,4.26,5.02,82.3,87.4,,,11.72,11.55,10.81,12.4,0.62,62.05,39.79,,1416.0,10208.8,5.7,8.75,1.53,7.86,5.29,102.4
1995-09-30,316,0.61,63.91,,,,,299.18,282.28,2.69,3.32,452.54,470.4,499.8,4.53,5.27,81.0,85.4,,,11.52,12.08,10.88,12.8,0.61,63.91,39.79,,1369.0,10208.8,5.6,8.75,1.53,7.64,5.32,97.3
1995-10-31,749,0.59,64.84,,,,,322.86,311.16,2.79,3.57,473.04,492.0,528.65,4.72,5.54,81.7,85.8,,,11.87,12.61,11.65,13.4,0.59,64.84,39.79,,1369.0,10281.2,5.5,8.75,1.54,7.48,5.35,96.3
1995-11-30,620,0.61,67.83,,,,,328.0,321.62,2.87,3.63,490.79,493.21,534.13,4.81,5.53,80.5,85.0,,,12.41,12.87,12.46,14.0,0.61,67.83,39.79,,1452.0,10281.2,5.6,8.75,1.54,7.38,5.36,101.6
1995-12-31,706,0.59,66.5,,,,,344.41,335.23,3.07,3.76,507.79,508.44,550.74,4.88,5.68,78.8,84.6,,,12.9,12.91,11.19,13.9,0.59,66.5,39.79,,1431.0,10281.2,5.6,8.65,1.54,7.2,5.34,99.2
1996-01-31,457,0.59,64.35,,,,,362.27,352.09,3.09,4.0,496.82,496.7,540.2,4.83,5.62,79.5,84.6,,,13.17,12.73,11.13,14.1,0.59,64.35,58.95,,1467.0,10348.7,5.6,8.5,1.55,7.03,5.36,88.4
1996-02-29,485,0.55,63.04,,,,,374.35,370.32,3.37,4.18,510.71,514.11,566.65,4.98,5.95,79.2,84.6,,,13.21,12.59,10.37,13.9,0.55,63.04,58.95,,1491.0,10348.7,5.5,8.25,1.55,7.08,5.42,98.0
1996-03-31,591,0.54,61.7,,,,,393.52,391.57,3.51,4.34,499.08,510.37,563.05,5.07,5.86,80.1,85.5,,,13.03,12.7,10.3,13.8,0.54,61.7,58.95,,1424.0,10348.7,5.5,8.25,1.56,7.62,5.45,98.4
1996-04-30,977,0.56,58.72,,,,,454.17,446.93,3.85,4.8,571.23,591.27,659.43,5.32,6.82,100.0,101.0,,,12.89,13.09,10.5,13.9,0.56,58.72,58.95,,1516.0,10529.4,5.6,8.25,1.56,7.93,5.47,104.8
1996-05-31,515,0.62,59.76,,,,,496.81,485.75,4.14,5.17,556.89,615.05,699.94,5.75,7.04,101.0,105.3,,,13.0,13.77,11.87,14.3,0.62,59.76,58.95,,1504.0,10529.4,5.6,8.25,1.56,8.07,5.5,103.5
1996-06-30,430,0.66,61.17,,,,,468.74,473.85,4.2,4.99,488.38,497.45,611.59,5.25,6.16,94.0,98.5,,,13.39,13.92,15.09,14.8,0.66,61.17,58.95,,1467.0,10529.4,5.3,8.25,1.57,8.32,5.53,100.1
1996-07-31,216,0.64,63.55,,,,,466.93,469.75,4.43,5.07,462.04,469.17,533.9,4.73,5.54,92.2,96.5,,,14.08,14.49,15.96,15.4,0.64,63.55,58.95,,1472.0,10626.8,5.5,8.25,1.57,8.25,5.56,107.0
1996-08-31,229,0.64,67.18,,,,,364.36,447.59,4.3,4.73,459.4,454.66,500.49,4.57,5.21,92.6,97.9,,,14.21,14.94,15.78,15.9,0.64,67.18,58.95,,1557.0,10626.8,5.1,8.25,1.57,8.0,5.59,112.0
1996-09-30,380,0.64,71.42,,,,,342.04,338.9,3.56,3.69,444.98,436.28,470.41,4.37,4.85,92.0,96.6,,,14.79,15.37,15.82,16.5,0.64,71.42,58.95,,1475.0,10626.8,5.2,8.25,1.58,8.23,5.61,111.8
1996-10-31,839,0.63,70.45,,,,,283.79,280.48,2.88,3.27,394.78,408.66,475.97,4.17,4.83,91.6,95.8,,,15.27,14.13,14.9,16.4,0.63,70.45,58.95,,1392.0,10739.1,5.2,8.25,1.58,7.92,5.64,107.3
1996-11-30,486,0.65,71.25,,,,,268.05,263.58,2.66,2.97,357.91,393.25,479.29,4.1,4.78,92.0,97.0,,,15.67,11.61,12.11,15.2,0.65,71.25,58.95,,1489.0,10739.1,5.4,8.25,1.59,7.62,5.67,109.5
1996-12-31,564,0.64,65.94,,,,,266.59,261.42,2.63,2.97,354.2,393.82,470.23,4.06,4.74,90.8,97.0,,,14.43,11.34,11.68,14.3,0.64,65.94,58.95,,1370.0,10739.1,5.4,8.25,1.59,7.6,5.68,114.2
1997-01-31,378,0.62,65.0,,,,,268.03,261.5,2.69,3.02,346.68,381.68,457.03,4.02,4.75,97.9,104.0,,,11.91,11.94,11.48,13.5,0.62,65.0,51.31,,1355.0,10820.9,5.3,8.25,1.59,7.82,5.68,118.7
1997-02-28,485,0.6,65.0,,,,,280.62,270.92,2.65,3.08,328.66,363.66,451.54,3.89,4.67,102.0,113.0,,,11.64,12.46,12.34,13.4,0.6,65.0,51.31,,1486.0,10820.9,5.2,8.25,1.6,7.65,5.72,118.9
1997-03-31,759,0.58,67.5,,,,,304.66,290.1,2.79,3.25,349.05,381.96,458.91,3.93,4.77,102.0,116.0,,,12.24,12.49,12.75,13.6,0.58,67.5,51.31,,1457.0,10820.9,5.2,8.3,1.6,7.9,5.75,118.5
1997-04-30,1272,0.6,67.29,,,,,299.3,286.59,2.8,3.17,376.64,408.42,478.18,4.1,4.98,117.0,123.0,,,12.76,11.44,12.08,13.2,0.6,67.29,51.31,,1492.0,10984.2,5.1,8.5,1.6,8.14,5.76,118.5
1997-05-31,1044,0.59,67.2,,,,,283.54,273.5,2.69,3.01,357.34,386.21,460.96,4.08,4.66,117.0,125.3,,,12.79,10.7,11.53,12.7,0.59,67.2,51.31,,1442.0,10984.2,4.9,8.5,1.6,7.94,5.79,127.9
1997-06-30,584,0.59,63.39,,,,,266.17,258.55,2.56,2.86,338.45,346.0,406.81,3.52,3.98,105.0,114.0,,,11.74,10.74,12.19,12.2,0.59,63.39,51.31,,1494.0,10984.2,5.0,8.5,1.6,7.69,5.79,129.9
1997-07-31,474,0.63,63.22,,,,,254.85,244.16,2.42,2.69,330.22,335.8,356.92,3.23,3.8,98.8,107.0,,,11.0,10.86,12.05,12.1,0.63,63.22,51.31,,1437.0,11124.0,4.9,8.5,1.6,7.5,5.82,126.3
1997-08-31,451,0.63,64.7,,,,,262.55,259.5,2.5,2.86,352.17,363.43,383.66,3.56,4.13,99.0,105.0,,,11.04,12.07,11.88,12.7,0.63,64.7,51.31,,1390.0,11124.0,4.8,8.5,1.61,7.48,5.85,127.6
1997-09-30,557,0.6,65.79,,,,,264.36,260.76,2.52,2.88,348.93,363.49,385.49,3.66,4.08,100.0,106.0,,,11.16,12.79,11.86,13.1,0.6,65.79,51.31,,1546.0,11124.0,4.9,8.5,1.61,7.43,5.87,130.2
1997-10-31,968,0.55,66.92,,,,,281.4,266.2,2.54,3.05,351.05,364.27,387.52,3.58,4.13,100.0,106.0,,,12.37,12.83,13.5,14.1,0.55,66.92,51.31,,1520.0,11210.3,4.7,8.5,1.62,7.29,5.88,123.4
1997-11-30,654,0.55,67.33,,,,,276.11,270.03,2.51,2.98,343.7,346.87,385.84,3.54,4.06,100.0,107.0,,,13.09,12.96,14.01,14.7,0.55,67.33,51.31,,1510.0,11210.3,4.6,8.5,1.62,7.21,5.9,128.1
1997-12-31,711,0.52,65.5,,,,,265.9,259.55,2.52,2.89,331.5,335.35,372.12,3.44,3.94,95.2,102.0,,,13.13,13.29,12.45,14.8,0.52,65.5,51.31,,1566.0,11210.3,4.7,8.5,1.62,7.1,5.94,136.2
1998-01-31,488,0.54,63.97,,,,,271.11,259.9,2.56,2.9,326.88,331.99,360.94,3.32,3.79,94.7,102.0,,,13.26,13.25,12.03,14.7,0.54,63.97,47.12,,1525.0,11321.2,4.6,8.5,1.62,6.99,5.98,128.3
1998-02-28,434,0.56,60.54,,,,,268.79,257.92,2.55,2.88,325.74,330.38,363.08,3.27,3.81,96.1,105.0,,,13.59,13.32,12.88,14.9,0.56,60.54,47.12,,1584.0,11321.2,4.6,8.5,1.62,7.04,6.0,137.4
1998-03-31,759,0.58,62.11,,,,,266.41,258.59,2.55,2.89,324.56,328.27,361.06,3.33,3.78,95.3,102.0,,,13.55,12.81,12.65,14.5,0.58,62.11,47.12,,1567.0,11321.2,4.7,8.5,1.62,7.13,5.97,133.8
1998-04-30,878,0.59,64.45,,,,23.16,248.85,240.65,2.41,2.71,291.27,301.23,338.93,3.18,3.54,98.3,105.0,,,13.62,12.01,12.86,14.0,0.59,64.45,47.12,,1540.0,11431.0,4.3,8.5,1.62,7.14,6.05,137.2
1998-05-31,468,0.6,64.81,64.4,85.86,41.74,26.25,242.65,237.31,2.34,2.69,287.28,294.66,334.13,3.06,3.51,96.6,102.0,,,13.11,10.88,13.94,13.3,0.6,64.81,47.12,,1536.0,11431.0,4.4,8.5,1.63,7.14,6.09,136.3
1998-06-30,315,0.64,64.0,63.26,77.4,41.4,27.42,242.16,229.01,2.28,2.64,271.61,281.78,316.11,2.77,3.31,91.1,95.0,,,12.31,13.1,15.37,14.2,0.64,64.0,47.12,,1641.0,11431.0,4.5,8.5,1.63,7.0,6.13,138.2
1998-07-31,346,0.69,60.38,59.97,72.96,36.07,24.45,230.38,215.42,2.19,2.55,251.3,264.3,301.86,2.56,3.21,88.5,92.1,,,11.18,14.77,15.6,14.3,0.69,60.38,47.12,,1698.0,11580.6,4.5,8.5,1.63,6.95,6.17,137.2
1998-08-31,217,0.72,58.81,58.65,72.24,34.62,20.31,206.27,185.87,1.89,2.24,239.07,251.7,273.88,2.38,2.98,88.0,90.2,,,13.4,14.99,16.55,15.5,0.72,58.81,47.12,,1614.0,11580.6,4.5,8.5,1.63,6.92,6.22,133.1
1998-09-30,227,0.71,58.08,58.28,70.37,30.18,15.96,200.42,177.21,1.84,2.18,232.12,256.92,280.7,2.39,2.94,85.0,87.1,0.26,1.05,15.07,15.1,19.83,16.8,0.71,58.08,47.12,,1582.0,11580.6,4.6,8.49,1.64,6.72,6.23,126.4
1998-10-31,500,0.68,61.22,62.0,71.67,26.91,16.84,218.67,194.05,1.91,2.43,256.5,291.16,330.2,2.77,3.44,83.8,86.9,0.25,1.07,15.29,16.04,18.14,17.8,0.68,61.22,47.12,,1715.0,11770.7,4.5,8.12,1.64,6.71,6.26,119.3
1998-11-30,325,0.64,61.88,61.81,71.99,17.66,11.13,219.11,208.84,1.93,2.47,257.54,286.19,342.48,2.95,3.54,81.4,84.4,0.24,1.07,15.4,16.84,14.87,17.9,0.64,61.88,47.12,,1660.0,11770.7,4.4,7.89,1.64,6.87,6.3,126.4
1998-12-31,372,0.6,59.44,59.36,73.33,19.95,7.8,215.13,208.03,2.0,2.42,250.06,269.83,331.45,2.86,3.44,77.5,79.7,0.24,1.09,16.34,17.34,13.44,18.1,0.6,59.44,47.12,,1792.0,11770.7,4.4,7.75,1.64,6.72,6.38,126.7
1999-01-31,335,0.59,61.38,60.65,75.6,16.62,14.55,216.71,206.37,2.06,2.48,246.32,276.88,326.29,2.84,3.41,78.5,81.4,0.22,1.07,17.14,16.27,13.12,17.4,0.59,61.38,47.72,1459.0,1748.0,11864.7,4.3,7.75,1.65,6.79,6.36,128.9
1999-02-28,308,0.58,63.0,62.01,79.14,28.58,15.43,214.38,204.96,2.05,2.4,227.46,258.16,304.57,2.73,3.19,79.9,83.7,0.19,1.04,17.64,10.27,12.78,15.2,0.58,63.0,47.72,1459.0,1670.0,11864.7,4.4,7.75,1.65,6.81,6.43,133.1
1999-03-31,395,0.57,64.83,64.63,81.14,28.25,18.41,219.86,208.64,2.06,2.45,235.65,268.1,303.12,2.65,3.19,79.0,83.2,0.19,1.02,16.57,11.62,12.36,15.2,0.57,64.83,47.72,1459.0,1710.0,11864.7,4.2,7.75,1.65,7.04,6.4,134.0
1999-04-30,571,0.55,65.2,65.19,82.73,31.69,19.49,217.95,204.56,2.04,2.39,231.43,261.15,294.25,2.62,3.1,82.5,86.4,0.19,1.01,10.57,11.81,11.06,12.6,0.55,65.2,47.72,1497.3,1553.0,11962.5,4.3,7.75,1.66,6.92,6.48,135.5
1999-05-31,367,0.6,65.0,64.41,81.08,38.45,25.28,217.89,202.25,1.99,2.35,224.46,254.01,288.89,2.49,3.08,87.0,91.0,0.17,1.01,11.92,11.26,11.62,12.8,0.6,65.0,47.72,1497.3,1611.0,11962.5,4.2,7.75,1.66,7.15,6.52,137.7
1999-06-30,266,0.61,66.0,65.51,82.0,35.39,24.29,217.41,198.59,1.97,2.36,219.78,254.88,293.01,2.5,3.03,79.8,82.8,0.17,1.0,12.11,11.42,13.29,13.1,0.61,66.0,47.72,1497.3,1559.0,11962.5,4.3,7.75,1.66,7.55,6.55,139.0
1999-07-31,195,0.6,64.38,64.05,84.24,32.84,16.22,191.99,167.08,1.74,2.12,194.36,243.73,267.67,2.22,2.82,78.9,83.4,0.17,1.01,11.56,13.59,12.37,13.8,0.6,64.38,47.72,1539.3,1669.0,12113.1,4.3,8.0,1.67,7.63,6.57,136.2
1999-08-31,133,0.58,65.0,65.26,81.85,38.56,18.65,213.58,183.84,1.75,2.2,208.84,271.05,285.28,2.53,3.03,78.9,84.9,0.18,1.01,11.72,15.79,12.62,15.0,0.58,65.0,47.72,1539.3,1648.0,12113.1,4.2,8.06,1.67,7.94,6.59,136.0
1999-09-30,232,0.57,65.8,66.06,83.2,35.71,19.9,206.49,180.77,1.75,2.21,211.69,271.38,292.39,2.58,3.09,76.6,79.8,0.19,1.02,13.89,16.26,12.37,15.7,0.57,65.8,47.72,1539.3,1635.0,12113.1,4.2,8.25,1.68,7.82,6.61,134.2
1999-10-31,421,0.55,69.29,69.58,82.03,35.84,19.73,201.25,172.24,1.69,2.17,198.19,259.08,279.67,2.57,2.94,76.1,79.4,0.2,1.02,16.09,11.49,11.78,14.9,0.55,69.29,47.72,1544.9,1608.0,12323.3,4.1,8.25,1.68,7.85,6.64,130.5
1999-11-30,257,0.6,69.33,70.31,87.19,35.34,19.25,195.62,182.61,1.7,2.17,196.4,247.1,288.8,2.66,2.96,74.7,77.0,0.19,1.02,16.56,9.79,11.57,14.4,0.6,69.33,47.72,1544.9,1648.0,12323.3,4.1,8.37,1.68,7.74,6.69,137.0
1999-12-31,324,0.58,68.65,69.05,91.33,37.7,19.96,193.95,183.88,1.82,2.21,211.77,235.86,280.71,2.52,2.77,72.0,74.1,0.19,1.01,11.79,9.63,10.69,12.2,0.58,68.65,47.72,1544.9,1708.0,12323.3,4.0,8.5,1.69,7.91,6.71,141.7
2000-01-31,223,0.56,68.8,67.97,93.13,38.32,24.6,215.99,194.61,1.91,2.36,234.02,258.46,290.24,2.51,2.88,72.9,76.0,0.19,1.01,11.43,10.05,10.73,12.0,0.56,68.8,51.38,1599.9,1636.0,12359.1,4.0,8.5,1.69,8.21,6.75,144.7
2000-02-29,236,0.54,68.63,68.24,94.55,41.58,25.35,219.66,202.34,1.98,2.42,237.56,259.46,293.64,2.54,2.95,74.3,77.0,0.18,1.01,11.51,9.54,10.8,11.8,0.54,68.63,51.38,1599.9,1737.0,12359.1,4.1,8.73,1.7,8.33,6.73,140.8
2000-03-31,420,0.55,71.58,71.74,98.68,43.52,26.86,227.45,206.79,2.03,2.42,233.51,256.07,290.53,2.59,2.89,74.8,77.7,0.18,1.01,11.71,9.54,11.0,11.8,0.55,71.58,51.38,1599.9,1604.0,12359.1,4.0,8.83,1.71,8.24,6.81,137.1
2000-04-30,590,0.55,73.33,73.52,96.18,49.59,30.33,227.47,208.63,2.03,2.42,230.37,252.67,284.3,2.57,2.86,78.2,81.9,0.18,1.01,12.1,9.41,11.38,11.9,0.55,73.33,51.38,1650.5,1626.0,12592.5,3.8,9.0,1.71,8.15,6.79,137.7
2000-05-31,294,0.56,71.25,71.66,94.3,50.21,33.17,235.78,214.64,2.11,2.43,245.41,270.72,294.62,2.59,3.04,84.5,87.9,0.18,1.01,12.63,9.37,11.91,12.0,0.56,71.25,51.38,1650.5,1575.0,12592.5,4.0,9.24,1.71,8.52,6.77,144.7
2000-06-30,226,0.56,69.56,69.59,95.3,51.48,33.7,207.92,182.19,1.91,2.13,240.99,268.75,306.44,2.5,3.13,82.2,85.1,0.18,1.01,13.08,9.46,12.38,12.3,0.56,69.56,51.38,1650.5,1559.0,12592.5,4.0,9.5,1.72,8.29,6.78,139.2
2000-07-31,264,0.57,67.5,66.46,97.94,50.45,32.31,181.58,151.74,1.64,1.91,213.68,245.38,297.13,2.32,2.99,79.9,83.3,0.19,1.01,12.58,10.66,11.87,12.6,0.57,67.5,51.38,1667.9,1463.0,12607.7,4.0,9.5,1.73,8.15,6.79,143.0
2000-08-31,187,0.55,65.5,64.69,94.35,45.35,32.55,178.29,148.83,1.52,1.91,208.13,240.23,289.01,2.4,2.95,80.8,84.7,0.19,1.01,12.56,10.13,11.87,12.5,0.55,65.5,51.38,1667.9,1541.0,12607.7,4.1,9.5,1.73,8.03,6.8,140.8
2000-09-30,211,0.58,65.17,65.14,89.27,43.49,30.72,187.83,156.88,1.61,2.03,213.37,251.28,313.38,2.43,3.2,83.0,86.0,0.18,1.02,12.58,10.76,11.94,12.9,0.58,65.17,51.38,1667.9,1507.0,12607.7,3.9,9.5,1.74,7.91,6.81,142.5
2000-10-31,466,0.57,68.29,68.54,89.45,43.09,31.45,204.17,180.43,1.74,2.15,235.65,264.4,341.05,2.68,3.49,84.9,89.2,0.18,1.01,12.54,10.02,11.81,12.5,0.57,68.29,51.38,1672.3,1549.0,12679.3,3.9,9.5,1.74,7.8,6.81,135.8
2000-11-30,144,0.58,72.5,72.05,93.73,37.84,26.9,210.67,196.14,1.86,2.26,241.58,257.68,345.67,2.82,3.47,84.0,88.0,0.19,1.02,13.68,8.57,13.0,12.5,0.58,72.5,51.38,1672.3,1551.0,12679.3,3.9,9.5,1.74,7.75,6.82,132.6
2000-12-31,268,0.58,76.5,76.18,95.29,41.4,29.59,217.31,200.88,1.97,2.45,247.02,264.79,347.86,2.87,3.49,84.9,89.7,0.22,1.02,13.97,9.37,13.27,13.0,0.58,76.5,51.38,1672.3,1532.0,12679.3,3.9,9.5,1.75,7.38,6.79,128.6
2001-01-31,255,0.57,77.99,78.49,92.96,38.61,27.68,218.99,197.58,1.98,2.4,257.3,282.13,354.11,2.84,3.62,85.2,91.0,0.25,1.02,12.82,9.99,12.13,13.0,0.57,77.99,55.54,1658.8,1600.0,12643.3,4.2,9.05,1.76,7.03,6.82,115.7
2001-02-28,244,0.58,77.94,79.58,97.67,41.47,29.48,211.3,194.8,1.96,2.35,248.3,264.71,339.03,2.83,3.5,86.9,92.9,0.26,1.01,13.43,10.27,12.7,13.1,0.58,77.94,55.54,1658.8,1625.0,12643.3,4.2,8.5,1.76,7.05,6.84,109.2
2001-03-31,491,0.59,79.78,79.26,99.14,48.41,34.37,211.17,191.86,1.96,2.32,255.73,268.83,344.84,2.87,3.54,90.1,95.0,0.24,1.01,14.17,11.42,13.46,13.9,0.59,79.78,55.54,1658.8,1590.0,12643.3,4.3,8.32,1.76,6.95,6.86,116.9
2001-04-30,732,0.58,77.97,75.92,103.93,49.28,39.38,205.6,186.63,1.89,2.22,252.28,265.0,341.31,2.86,3.53,99.0,105.0,0.25,1.01,15.1,12.06,14.41,14.6,0.58,77.97,55.54,1621.2,1649.0,12710.3,4.4,7.8,1.76,7.08,6.84,109.9
2001-05-31,385,0.59,74.8,75.72,97.02,52.34,38.44,196.14,177.68,1.82,2.14,251.45,265.15,349.97,2.98,3.67,103.0,109.0,0.26,1.02,15.72,13.83,15.04,15.5,0.59,74.8,55.54,1621.2,1605.0,12710.3,4.3,7.24,1.77,7.15,6.85,116.1
2001-06-30,281,0.6,76.9,73.76,98.87,54.53,41.88,192.71,174.94,1.76,1.91,240.24,257.33,332.1,2.74,3.46,96.6,104.0,0.28,1.0,16.05,15.02,15.33,16.2,0.6,76.9,55.54,1621.2,1636.0,12710.3,4.5,6.98,1.78,7.16,6.84,118.9
2001-07-31,244,0.61,70.74,71.66,97.8,53.75,40.75,212.45,191.32,1.87,2.3,255.54,274.48,319.26,2.63,3.37,95.8,104.0,0.29,0.96,15.96,15.46,14.81,16.2,0.61,70.74,55.54,1600.0,1670.0,12670.1,4.6,6.75,1.77,7.13,6.85,116.3
2001-08-31,158,0.61,69.22,70.16,95.27,52.47,40.75,216.97,200.82,1.9,2.36,257.08,270.22,314.04,2.74,3.32,97.4,105.0,0.29,0.95,15.98,15.55,15.06,16.5,0.61,69.22,55.54,1600.0,1567.0,12670.1,4.9,6.67,1.77,6.95,6.83,114.0
2001-09-30,169,0.62,68.63,69.16,97.14,46.93,33.12,216.51,194.82,1.91,2.27,257.37,270.49,318.37,2.85,3.32,99.0,108.0,0.29,0.95,16.24,15.9,15.59,17.1,0.62,68.63,55.54,1600.0,1562.0,12670.1,5.0,6.28,1.78,6.82,6.81,97.0
2001-10-31,430,0.6,65.85,66.68,87.99,41.27,31.6,208.43,183.34,1.84,2.19,267.76,280.29,327.92,2.87,3.36,98.0,106.0,0.28,0.94,13.53,14.6,12.77,15.6,0.6,65.85,55.54,1553.6,1540.0,12705.3,5.3,5.53,1.78,6.62,6.8,85.3
2001-11-30,225,0.59,63.03,64.71,86.4,35.49,25.01,204.85,190.38,1.85,2.28,274.54,283.34,336.99,2.87,3.41,95.9,104.0,0.28,0.93,12.78,11.31,11.97,14.4,0.59,63.03,55.54,1553.6,1602.0,12705.3,5.5,5.1,1.78,6.66,6.78,84.9
2001-12-31,382,0.56,63.0,63.33,89.3,35.14,25.28,209.99,197.1,1.98,2.35,282.79,281.8,326.07,2.88,3.34,95.6,105.0,0.29,0.92,12.61,11.8,11.79,13.5,0.56,63.0,55.54,1553.6,1568.0,12705.3,5.7,4.84,1.77,7.07,6.79,94.6
2002-01-31,271,0.57,66.65,67.25,87.46,40.16,27.79,210.02,194.27,1.97,2.34,296.31,298.86,329.43,2.87,3.41,91.7,101.0,0.27,0.92,12.69,11.87,11.93,13.6,0.57,66.65,39.66,1522.1,1698.0,12822.3,5.7,4.75,1.78,7.0,6.78,97.8
2002-02-28,184,0.56,70.63,70.72,90.12,40.65,29.45,204.59,191.95,1.93,2.3,274.48,279.12,325.36,2.83,3.36,91.7,100.0,0.23,0.91,12.28,11.63,11.54,13.1,0.56,70.63,39.66,1522.1,1829.0,12822.3,5.7,4.75,1.78,6.89,6.77,95.0
2002-03-31,374,0.55,72.04,72.59,91.45,37.47,29.5,203.61,192.06,1.94,2.28,276.0,277.15,323.1,2.87,3.34,92.3,99.6,0.21,0.91,12.19,10.65,11.42,12.6,0.55,72.04,39.66,1522.1,1642.0,12822.3,5.7,4.75,1.79,7.01,6.76,110.7
2002-04-30,562,0.53,67.77,67.79,92.0,32.97,24.39,198.77,188.85,1.91,2.21,274.83,270.74,323.93,2.83,3.37,98.3,103.0,0.19,0.9,11.88,10.85,11.09,12.5,0.53,67.77,39.66,1501.9,1592.0,12893.0,5.9,4.75,1.79,6.99,6.71,108.5
2002-05-31,352,0.56,63.66,65.32,88.53,34.64,25.41,205.64,194.7,1.93,2.29,272.64,270.8,321.38,2.81,3.3,101.0,108.0,0.18,0.9,11.29,10.82,10.57,12.1,0.56,63.66,39.66,1501.9,1764.0,12893.0,5.8,4.75,1.8,6.81,6.68,110.3
2002-06-30,233,0.58,63.61,63.64,80.89,37.36,21.11,211.96,202.36,1.97,2.37,281.31,288.81,355.3,2.92,3.59,93.7,101.0,0.16,0.9,11.19,10.09,10.52,11.5,0.58,63.61,39.66,1501.9,1717.0,12893.0,5.8,4.75,1.8,6.65,6.7,106.3
2002-07-31,134,0.57,63.2,62.49,82.36,40.6,21.04,232.52,220.03,2.13,2.53,318.86,326.18,390.99,3.21,4.05,91.7,100.0,0.15,0.9,11.14,9.33,10.45,11.1,0.57,63.2,39.66,1493.0,1655.0,12955.8,5.8,4.75,1.8,6.49,6.69,97.4
2002-08-31,112,0.56,62.66,62.96,83.99,34.0,20.87,259.51,248.01,2.38,2.79,341.7,347.51,429.83,3.63,4.39,92.4,101.0,0.16,0.91,11.07,9.54,10.41,11.3,0.56,62.66,39.66,1493.0,1633.0,12955.8,5.7,4.75,1.81,6.29,6.7,94.5
2002-09-30,172,0.56,64.97,64.43,83.29,26.98,15.38,267.73,256.31,2.47,2.89,391.76,399.24,505.4,4.21,5.11,93.0,101.0,0.18,0.91,10.91,9.92,10.22,11.6,0.56,64.97,39.66,1493.0,1804.0,12955.8,5.7,4.75,1.81,6.09,6.7,93.7
2002-10-31,454,0.53,65.12,64.93,83.81,31.69,26.33,252.42,240.3,2.34,2.79,388.88,393.62,509.97,4.38,5.18,93.8,102.0,0.21,0.92,11.12,10.72,10.5,12.1,0.53,65.12,39.66,1475.1,1648.0,12964.0,5.7,4.75,1.81,6.11,6.69,79.6
2002-11-30,114,0.53,69.62,70.12,83.44,29.99,20.96,243.07,233.99,2.28,2.77,384.79,385.95,476.43,4.25,4.83,93.2,101.0,0.22,0.92,11.26,9.84,10.58,11.9,0.53,69.62,39.66,1475.1,1753.0,12964.0,5.9,4.35,1.82,6.07,6.71,84.9
2002-12-31,278,0.55,72.28,72.24,85.97,32.35,22.28,237.58,230.85,2.32,2.71,353.19,347.15,439.71,4.06,4.42,91.1,98.0,0.19,0.86,11.62,9.74,10.49,11.9,0.55,72.28,39.66,1475.1,1788.0,12964.0,6.0,4.25,1.82,6.05,6.7,80.7
2003-01-31,215,0.61,78.07,77.18,84.7,34.39,21.8,235.82,227.42,2.33,2.69,332.42,319.51,405.98,3.89,4.07,91.4,98.5,0.17,0.82,11.29,9.78,10.07,11.8,0.61,78.07,61.47,1478.6,1853.0,13031.2,5.8,4.25,1.83,5.92,6.7,78.8
2003-02-28,175,0.6,79.65,78.77,84.74,35.64,23.27,236.29,231.53,2.34,2.69,344.24,325.66,407.91,3.7,4.11,91.4,96.2,0.16,0.81,10.66,9.66,9.81,11.3,0.6,79.65,61.47,1478.6,1629.0,13031.2,5.9,4.25,1.84,5.84,6.67,64.8
2003-03-31,335,0.6,76.82,77.52,88.49,36.11,24.07,233.15,230.15,2.33,2.67,314.42,300.48,382.81,3.55,3.9,92.8,96.7,0.16,0.81,10.54,9.11,9.79,11.0,0.6,76.82,61.47,1478.6,1726.0,13031.2,5.9,4.25,1.84,5.75,6.65,61.4
2003-04-30,642,0.58,78.62,79.24,86.87,36.42,25.47,238.52,234.85,2.34,2.68,308.35,285.94,378.36,3.37,3.77,94.5,96.2,0.16,0.8,10.44,9.41,9.73,11.0,0.58,78.62,61.47,1514.3,1643.0,13152.1,6.0,4.25,1.83,5.81,6.69,81.0
2003-05-31,341,0.59,78.7,79.5,92.95,43.62,29.83,245.92,239.62,2.38,2.74,325.43,315.18,387.7,3.33,4.35,96.5,101.0,0.14,0.8,10.43,9.71,9.74,11.0,0.59,78.7,61.47,1514.3,1751.0,13152.1,6.1,4.25,1.83,5.48,6.71,83.6
2003-06-30,177,0.62,76.97,76.73,92.52,47.88,31.15,239.44,236.13,2.34,2.72,310.9,315.31,366.79,3.08,3.58,95.5,101.0,0.14,0.8,10.46,9.75,9.76,11.0,0.62,76.97,61.47,1514.3,1867.0,13152.1,6.3,4.22,1.83,5.23,6.72,83.5
2003-07-31,176,0.63,74.94,76.89,97.92,44.98,34.13,215.44,212.52,2.17,2.48,322.7,324.89,333.92,2.95,3.59,88.1,93.8,0.15,0.81,10.63,11.78,9.95,12.1,0.63,74.94,61.47,1544.7,1897.0,13372.4,6.2,4.0,1.84,5.63,6.74,77.0
2003-08-31,128,0.63,79.56,81.74,98.73,41.9,32.08,220.42,215.76,2.15,2.56,362.94,362.42,385.67,3.35,4.06,85.0,91.9,0.16,0.81,10.81,13.8,10.14,13.3,0.63,79.56,61.47,1544.7,1833.0,13372.4,6.1,4.0,1.85,6.26,6.76,81.7
2003-09-30,256,0.64,86.61,90.59,104.06,41.82,31.21,228.88,214.93,2.2,2.63,345.8,350.75,374.44,3.39,3.96,84.4,90.1,0.18,0.81,10.76,14.3,10.05,14.5,0.64,86.61,61.47,1544.7,1939.0,13372.4,6.1,4.0,1.85,6.15,6.78,77.0
2003-10-31,571,0.64,97.09,105.5,104.04,38.63,30.53,225.55,210.6,2.12,2.65,341.57,348.5,379.0,3.44,4.01,83.7,89.1,0.19,0.81,10.84,14.39,10.16,15.0,0.64,97.09,61.47,1566.8,1967.0,13528.7,6.0,4.0,1.85,5.95,6.78,81.7
2003-11-30,160,0.64,99.53,101.88,103.62,36.02,28.51,237.28,226.28,2.2,2.75,386.51,384.14,420.54,3.61,4.37,81.5,86.8,0.19,0.81,10.99,13.47,10.3,14.4,0.64,99.53,61.47,1566.8,2083.0,13528.7,5.8,4.0,1.85,5.93,6.8,92.5
2003-12-31,325,0.66,91.31,90.75,103.88,36.02,26.83,247.28,236.95,2.31,2.85,391.95,384.6,431.44,3.68,4.51,80.6,87.0,0.19,0.81,11.3,11.87,10.52,13.8,0.66,91.31,61.47,1566.8,2057.0,13528.7,5.7,4.0,1.86,5.88,6.83,94.8
2004-01-31,255,0.69,78.88,80.36,94.58,39.02,28.36,266.73,248.66,2.39,2.95,389.56,390.29,432.23,3.68,4.53,80.1,84.8,0.18,0.81,11.67,11.61,10.97,13.2,0.69,78.88,87.89,1549.4,1911.0,13606.5,5.7,4.0,1.86,5.71,6.85,97.7
2004-02-29,206,0.75,77.01,79.15,97.36,45.21,36.45,282.96,271.62,2.61,3.12,383.54,381.38,424.82,3.77,4.4,81.2,85.1,0.17,0.81,12.9,11.89,12.21,13.6,0.75,77.01,87.89,1549.4,1846.0,13606.5,5.6,4.0,1.87,5.64,6.84,88.5
2004-03-31,448,0.76,84.18,86.96,104.31,48.3,41.0,302.49,288.67,2.75,3.27,385.34,385.53,430.23,3.83,4.52,81.8,86.2,0.18,0.81,14.79,14.49,14.1,15.5,0.76,84.18,87.89,1549.4,1998.0,13606.5,5.8,4.0,1.87,5.45,6.89,88.5
2004-04-30,704,0.76,85.47,87.04,106.96,48.34,42.34,315.56,301.14,2.89,3.39,391.7,394.01,435.2,3.88,4.54,89.6,92.7,0.26,0.82,15.21,19.66,14.57,18.1,0.76,85.47,87.89,1583.8,2003.0,13706.2,5.6,4.0,1.87,5.83,6.9,93.0
2004-05-31,290,0.8,86.99,88.22,113.75,58.45,46.51,299.81,289.14,2.87,3.29,372.61,376.38,428.11,3.82,4.46,102.0,108.0,0.3,0.84,15.03,20.58,14.5,19.3,0.8,86.99,87.89,1583.8,1981.0,13706.2,5.6,4.0,1.88,6.27,6.95,93.1
2004-06-30,344,0.82,88.65,89.19,121.19,57.95,49.34,286.19,275.39,2.79,3.13,345.76,354.1,413.39,3.55,4.21,95.6,102.0,0.29,0.85,14.31,17.68,13.72,18.2,0.82,88.65,87.89,1583.8,1828.0,13706.2,5.6,4.01,1.89,6.29,6.96,102.8
2004-07-31,244,0.82,84.56,84.27,124.51,58.21,50.59,235.63,225.67,2.51,2.66,326.42,329.12,396.96,3.37,4.1,92.2,98.7,0.26,0.85,14.0,14.85,13.31,16.1,0.82,84.56,87.89,1626.9,2002.0,13830.8,5.5,4.25,1.89,6.06,6.98,105.7
2004-08-31,171,0.76,83.64,84.15,122.28,56.19,47.56,224.8,216.7,2.34,2.64,292.25,309.77,374.73,3.27,3.88,92.2,99.3,0.22,0.86,13.13,14.04,12.46,14.9,0.76,83.64,87.89,1626.9,2024.0,13830.8,5.4,4.43,1.89,5.87,7.0,98.7
2004-09-30,202,0.69,82.84,82.33,117.48,55.34,43.26,213.99,197.96,2.2,2.49,296.89,321.42,400.87,3.36,4.11,91.4,97.5,0.22,0.86,13.66,14.72,13.0,15.5,0.69,82.84,87.89,1626.9,1905.0,13830.8,5.4,4.58,1.9,5.75,7.03,96.7
2004-10-31,780,0.68,85.24,84.03,115.13,53.68,42.99,204.98,176.37,2.14,2.37,282.27,311.29,395.06,3.43,4.09,92.8,100.0,0.22,0.86,13.57,14.16,12.81,15.6,0.68,85.24,87.89,1661.4,2072.0,13950.4,5.5,4.75,1.91,5.72,7.08,92.9
2004-11-30,223,0.68,85.58,84.64,114.16,56.23,49.26,198.94,178.68,2.05,2.39,278.6,303.42,422.08,3.46,4.26,88.7,95.2,0.24,0.86,14.09,14.89,13.34,16.2,0.68,85.58,87.89,1661.4,1782.0,13950.4,5.4,4.93,1.92,5.73,7.09,92.6
2004-12-31,444,0.67,105.57,86.6,109.73,53.15,44.18,200.38,186.23,2.04,2.43,287.83,296.51,421.62,3.4,4.19,86.0,92.1,0.24,0.87,13.98,16.14,13.42,16.4,0.67,105.57,87.89,1661.4,2042.0,13950.4,5.4,5.14,1.92,5.75,7.12,102.7
2005-01-31,292,0.71,88.84,88.5,110.4,52.75,45.0,200.13,185.44,2.12,2.44,293.43,299.33,413.49,3.43,4.18,87.8,94.5,0.25,0.89,13.04,14.14,12.52,16.1,0.71,88.84,79.26,1681.9,2144.0,14099.1,5.3,5.25,1.92,5.71,7.1,105.1
2005-02-28,171,0.71,88.42,87.73,115.5,51.11,45.87,200.34,185.99,1.95,2.4,295.01,300.51,399.86,3.36,4.11,88.2,94.0,0.25,0.9,13.36,14.7,12.74,15.4,0.71,88.42,79.26,1681.9,2207.0,14099.1,5.4,5.49,1.92,5.63,7.15,104.4
2005-03-31,381,0.73,89.76,91.78,123.21,51.3,43.37,213.82,196.32,2.02,2.54,327.58,340.7,399.97,3.42,4.11,92.6,98.6,0.25,0.91,13.25,14.08,12.66,15.5,0.73,89.76,79.26,1681.9,1864.0,14099.1,5.2,5.58,1.93,5.93,7.18,103.0
2005-04-30,833,0.73,91.59,91.98,125.47,51.0,41.58,207.88,193.94,2.0,2.45,292.19,313.19,375.95,3.35,3.83,99.4,105.0,0.26,0.92,13.24,14.61,12.61,15.2,0.73,91.59,79.26,1706.1,2061.0,14172.7,5.2,5.75,1.94,5.86,7.27,97.5
2005-05-31,351,0.73,89.25,88.83,126.94,55.4,45.04,208.11,192.4,1.98,2.42,294.69,315.32,380.33,3.31,3.93,108.0,114.0,0.26,0.93,12.78,13.77,12.2,14.7,0.73,89.25,79.26,1706.1,2025.0,14172.7,5.1,5.98,1.94,5.72,7.29,103.1
2005-06-30,308,0.72,84.69,83.06,124.6,49.86,44.97,221.84,201.66,2.03,2.49,308.89,325.22,386.82,3.23,3.86,100.0,106.0,0.27,0.93,13.06,13.92,12.33,14.4,0.72,84.69,79.26,1706.1,2068.0,14172.7,5.0,6.01,1.94,5.58,7.33,106.2
2005-07-31,240,0.73,80.17,80.67,122.18,49.96,39.06,236.43,219.4,2.11,2.69,322.21,332.64,382.5,3.2,3.91,99.7,105.0,0.28,0.94,13.79,14.35,13.17,14.8,0.73,80.17,79.26,1737.4,2054.0,14291.8,5.0,6.25,1.95,5.7,7.35,103.63
2005-08-31,243,0.72,80.46,80.8,117.95,51.6,40.72,215.16,197.41,1.95,2.59,304.48,318.87,396.75,3.24,4.06,99.7,108.0,0.29,0.96,13.95,13.6,13.44,14.8,0.72,80.46,79.26,1737.4,2095.0,14291.8,4.9,6.44,1.96,5.82,7.39,105.49
2005-09-30,286,0.73,84.72,85.19,118.66,49.98,41.16,204.21,174.85,1.9,2.47,292.67,320.38,431.08,3.36,4.36,99.0,106.0,0.3,0.97,14.35,14.3,13.75,15.3,0.73,84.72,79.26,1737.4,2151.0,14291.8,5.0,6.59,1.99,5.77,7.42,87.5
2005-10-31,612,0.69,87.27,87.4,117.64,47.49,44.78,202.06,168.74,1.82,2.58,298.97,334.44,456.58,3.43,4.57,97.7,105.0,0.3,0.98,14.25,14.35,13.61,15.5,0.69,87.27,79.26,1744.3,2065.0,14373.4,5.0,6.75,1.99,6.07,7.46,85.16
2005-11-30,233,0.67,89.53,90.32,119.91,44.31,39.02,192.89,174.99,1.77,2.44,282.65,306.11,445.76,3.45,4.38,91.7,97.6,0.32,0.98,13.49,13.35,12.9,15.1,0.67,89.53,79.26,1744.3,2147.0,14373.4,5.0,7.0,1.98,6.33,7.52,98.32
2005-12-31,332,0.64,93.15,93.08,119.03,44.81,40.36,202.38,188.81,1.92,2.61,298.08,317.77,452.23,3.53,4.48,91.3,96.6,0.33,0.99,13.22,13.37,12.57,14.8,0.64,93.15,79.26,1744.3,1994.0,14373.4,4.9,7.15,1.98,6.27,7.53,103.82
2006-01-31,251,0.63,94.93,92.9,120.73,41.37,34.94,213.39,197.24,2.0,2.61,311.36,334.91,446.19,3.52,4.55,91.0,95.1,0.34,0.96,13.25,13.39,12.2,14.4,0.63,94.93,57.44,1808.7,2273.0,14546.1,4.7,7.26,1.99,6.15,7.6,106.78
2006-02-28,264,0.65,90.84,89.09,121.71,43.17,33.8,222.96,206.25,2.02,2.72,334.36,358.7,466.53,3.66,4.89,95.8,98.4,0.35,0.88,12.62,12.2,11.1,13.5,0.65,90.84,57.44,1808.7,2119.0,14546.1,4.8,7.5,1.99,6.25,7.66,102.7
2006-03-31,446,0.62,85.82,85.73,125.49,43.34,36.01,223.59,203.66,2.06,2.67,328.73,356.73,462.41,3.79,4.76,97.5,100.0,0.34,0.87,11.69,11.11,10.68,12.6,0.62,85.82,57.44,1808.7,1969.0,14546.1,4.7,7.53,2.0,6.32,7.69,107.52
2006-04-30,487,0.59,82.12,81.3,121.81,41.45,31.46,236.82,217.87,2.11,2.74,321.45,351.84,487.06,3.81,4.92,105.0,108.0,0.31,0.84,11.37,10.93,10.36,12.0,0.59,82.12,57.44,1831.3,1821.0,14589.6,4.7,7.75,2.01,6.51,7.73,109.82
2006-05-31,300,0.6,79.03,79.02,117.32,49.0,33.69,245.48,221.59,2.17,2.81,354.44,391.73,521.6,4.09,5.28,111.0,114.0,0.28,0.83,11.13,10.83,10.33,11.9,0.6,79.03,57.44,1831.3,1942.0,14589.6,4.6,7.93,2.01,6.6,7.71,104.69
2006-06-30,274,0.66,82.23,80.85,121.79,54.9,36.91,238.13,214.84,2.14,2.78,326.22,374.49,525.34,3.98,5.3,108.0,112.0,0.28,0.82,11.0,11.29,10.22,11.9,0.66,82.23,57.44,1831.3,1802.0,14589.6,4.6,8.02,2.02,6.68,7.7,105.37
2006-07-31,230,0.69,80.76,81.14,119.61,51.89,36.04,244.35,221.09,2.14,2.9,343.46,390.1,526.71,3.88,5.51,107.0,111.0,0.28,0.83,10.83,10.92,10.21,11.7,0.69,80.76,57.44,1853.1,1737.0,14602.6,4.7,8.25,2.03,6.76,7.71,107.01
2006-08-31,151,0.69,84.51,85.87,121.39,53.32,37.74,229.78,206.03,2.09,2.92,319.85,381.43,500.39,3.91,5.18,106.0,109.0,0.3,0.85,11.16,11.06,10.64,12.0,0.69,84.51,57.44,1853.1,1650.0,14602.6,4.7,8.25,2.04,6.52,7.72,100.2
2006-09-30,240,0.7,89.12,89.18,122.99,50.28,40.01,241.93,221.28,2.2,3.05,338.69,407.39,516.88,4.06,5.33,108.0,111.0,0.32,0.87,11.74,12.29,11.1,13.0,0.7,89.12,57.44,1853.1,1720.0,14602.6,4.5,8.25,2.03,6.4,7.72,105.88
2006-10-31,512,0.65,99.3,87.43,110.49,47.57,40.65,303.26,280.76,2.55,3.82,440.31,500.26,561.28,4.59,5.77,109.0,113.0,0.36,0.92,11.79,12.32,11.51,13.5,0.65,99.3,57.44,1865.2,1491.0,14716.9,4.4,8.25,2.02,6.36,7.68,105.14
2006-11-30,148,0.66,86.87,86.56,104.19,45.97,38.97,355.81,342.78,2.88,4.17,434.89,487.51,560.45,4.59,5.71,109.0,110.0,0.38,1.0,11.98,12.84,12.11,13.9,0.66,86.87,57.44,1865.2,1570.0,14716.9,4.5,8.25,2.02,6.24,7.67,105.3
2006-12-31,340,0.66,101.93,85.83,104.63,44.84,34.66,369.61,351.92,3.01,4.08,449.06,491.11,549.16,4.52,5.56,110.0,111.0,0.41,1.05,12.55,13.47,12.3,14.2,0.66,101.93,57.44,1865.2,1649.0,14716.9,4.4,8.25,2.03,6.14,7.69,110.0
2007-01-31,230,0.71,94.53,86.75,102.38,44.04,32.69,390.88,365.71,3.05,4.19,419.21,466.14,528.73,4.53,5.32,109.0,112.0,0.47,1.11,12.85,13.56,12.53,14.5,0.71,94.53,70.01,1897.2,1409.0,14726.0,4.6,8.25,2.03,6.22,7.73,110.2
2007-02-28,188,0.76,89.27,88.68,111.3,48.6,35.94,411.22,389.89,3.44,4.5,419.59,464.7,539.82,4.71,5.44,113.0,115.0,0.6,1.17,13.08,14.18,12.71,14.9,0.76,89.27,70.01,1897.2,1480.0,14726.0,4.5,8.25,2.04,6.29,7.63,111.15
2007-03-31,449,0.79,96.55,96.39,118.07,45.47,36.53,402.01,375.88,3.43,3.81,407.34,459.48,540.0,4.75,5.4,119.0,121.0,0.71,1.26,13.6,15.09,13.71,15.6,0.79,96.55,70.01,1897.2,1495.0,14726.0,4.4,8.25,2.05,6.16,7.71,108.16
2007-04-30,678,0.79,97.23,98.04,123.63,48.43,31.39,361.55,336.29,3.39,3.88,424.54,471.16,550.6,4.89,5.4,124.0,127.0,0.78,1.44,14.51,16.09,16.12,16.5,0.79,97.23,70.01,1934.4,1490.0,14838.7,4.5,8.25,2.06,6.18,7.69,106.28
2007-05-31,394,0.81,96.36,95.5,119.27,54.4,39.89,370.28,352.25,3.49,4.07,449.8,485.97,553.74,4.88,5.33,131.0,142.0,0.76,1.67,16.62,17.6,18.48,18.0,0.81,96.36,70.01,1934.4,1415.0,14838.7,4.4,8.25,2.07,6.26,7.67,108.52
2007-06-30,266,0.81,90.6,86.81,114.65,54.82,41.5,380.98,366.86,3.53,4.2,525.25,573.51,622.52,5.03,6.08,126.0,137.0,0.76,1.92,18.89,20.17,20.76,20.2,0.81,90.6,70.01,1934.4,1448.0,14838.7,4.6,8.25,2.07,6.66,7.69,105.27
2007-07-31,235,0.81,89.31,89.09,120.99,52.39,41.13,325.98,303.19,3.32,3.73,552.29,613.35,628.08,5.17,6.5,125.0,136.0,0.73,2.02,21.4,21.38,21.64,21.6,0.81,89.31,70.01,1964.4,1354.0,14938.5,4.7,8.25,2.08,6.7,7.66,111.94
2007-08-31,167,0.79,95.66,91.49,122.67,52.01,40.65,330.88,307.01,3.26,3.84,624.16,691.79,683.1,5.64,7.08,124.0,135.0,0.62,2.06,22.41,19.83,21.87,21.6,0.79,95.66,70.01,1964.4,1330.0,14938.5,4.6,8.25,2.08,6.57,7.61,105.55
2007-09-30,302,0.76,93.78,93.49,119.32,46.61,41.48,351.04,314.34,3.28,4.05,798.36,862.96,851.86,6.76,8.89,127.0,135.0,0.48,2.06,22.16,20.07,21.61,21.8,0.76,93.78,70.01,1964.4,1183.0,14938.5,4.7,8.03,2.09,6.38,7.58,99.46
2007-10-31,809,0.71,99.34,91.69,113.24,41.96,30.89,357.86,327.35,3.29,4.17,788.89,853.74,889.0,7.65,9.12,128.0,136.0,0.42,2.06,21.9,18.7,21.31,21.4,0.71,99.34,70.01,1997.6,1264.0,14991.8,4.7,7.74,2.09,6.38,7.57,95.24
2007-11-30,271,0.72,93.07,93.37,110.47,36.95,28.32,381.55,365.84,3.44,4.35,757.16,791.65,861.63,7.39,8.77,129.0,136.0,0.44,1.94,22.07,19.22,20.4,21.9,0.72,93.07,70.01,1997.6,1197.0,14991.8,4.7,7.5,2.11,6.21,7.52,87.78
2007-12-31,456,0.71,92.52,90.5,109.7,39.4,24.16,423.79,402.86,3.77,4.58,868.95,916.71,979.21,7.71,10.03,127.0,135.0,0.45,1.8,20.82,20.6,19.18,21.5,0.71,92.52,70.01,1997.6,1037.0,14991.8,5.0,7.33,2.11,6.1,7.49,90.62
2008-01-31,273,0.76,92.5,88.63,105.21,36.77,21.6,488.57,455.16,3.98,5.25,855.44,923.89,997.36,7.96,10.04,126.0,136.0,0.4,1.57,19.75,19.32,16.29,20.5,0.76,92.5,78.22,1998.1,1084.0,14889.5,5.0,6.98,2.12,5.76,7.48,87.32
2008-02-29,285,0.79,88.66,90.85,113.16,42.74,25.89,516.08,490.41,4.54,5.59,1011.75,1059.0,1227.85,10.1,11.57,129.0,138.0,0.27,1.34,18.46,17.03,14.67,19.1,0.79,88.66,78.22,1998.1,1103.0,14889.5,4.9,6.0,2.13,5.92,7.45,76.39
2008-03-31,585,0.79,89.82,89.28,112.15,39.4,25.33,547.69,515.56,4.7,5.99,1039.53,1096.33,1229.33,10.5,11.99,133.0,144.0,0.24,1.25,15.63,18.0,14.17,18.1,0.79,89.82,78.22,1998.1,1005.0,14889.5,5.1,5.66,2.13,5.97,7.41,65.86
2008-04-30,610,0.78,88.7,89.04,110.9,45.06,18.92,593.36,558.61,5.14,6.26,771.16,881.05,1029.27,10.1,9.89,135.0,146.0,0.26,1.25,15.29,16.76,14.56,18.1,0.78,88.7,78.22,1986.6,1013.0,14963.4,5.0,5.24,2.14,5.92,7.33,62.76
2008-05-31,512,0.82,93.41,93.86,114.39,57.75,29.2,597.86,557.96,5.27,6.18,659.11,777.48,937.36,8.87,8.95,165.0,177.0,0.27,1.31,15.51,18.18,15.26,18.4,0.82,93.41,78.22,1986.6,973.0,14963.4,5.4,5.0,2.15,6.04,7.27,58.07
2008-06-30,435,0.82,94.6,95.55,113.55,54.71,29.67,698.89,655.36,5.47,7.29,720.32,848.06,981.7,7.62,9.49,162.0,174.0,0.28,1.35,16.19,20.25,15.92,19.3,0.82,94.6,78.22,1986.6,1046.0,14963.4,5.6,5.0,2.17,6.32,7.21,50.97
2008-07-31,347,0.83,98.27,98.83,112.47,56.48,22.7,641.63,596.86,5.25,6.74,687.11,812.36,865.36,7.15,8.91,163.0,179.0,0.27,1.4,16.81,18.24,16.6,19.4,0.83,98.27,78.22,1933.0,923.0,14891.6,5.8,5.0,2.19,6.43,7.16,51.94
2008-08-31,412,0.79,98.68,99.14,114.07,62.56,42.91,549.32,504.43,5.26,5.97,676.94,818.73,864.38,7.61,8.96,163.0,179.0,0.25,1.38,17.45,17.32,16.64,18.4,0.79,98.68,78.22,1933.0,844.0,14891.6,6.1,5.0,2.19,6.48,7.11,58.48
2008-09-30,545,0.78,98.76,97.37,110.05,52.76,52.4,539.82,500.19,5.01,5.94,544.65,719.32,753.07,7.43,8.04,161.0,175.0,0.22,1.22,17.58,16.28,15.45,18.2,0.78,98.76,78.22,1933.0,820.0,14891.6,6.1,5.0,2.19,6.04,7.04,61.37
2008-10-31,734,0.77,91.7,90.61,97.82,47.06,46.55,412.63,369.3,4.37,4.65,376.21,569.91,617.21,6.65,6.46,156.0,171.0,0.19,1.0,16.6,17.06,13.62,17.8,0.77,91.7,78.22,1820.1,777.0,14577.0,6.5,4.56,2.17,6.2,6.97,38.83
2008-11-30,342,0.78,91.09,90.4,97.25,38.9,33.95,373.82,341.14,4.26,4.16,368.18,533.41,620.97,6.29,6.18,149.0,165.0,0.19,0.87,14.45,15.51,12.25,17.1,0.78,91.09,78.22,1820.1,652.0,14577.0,6.8,4.0,2.13,6.09,6.81,44.65
2008-12-31,560,0.82,86.15,83.66,90.42,39.8,41.51,362.38,332.19,4.11,4.02,400.85,535.05,607.45,5.95,6.02,138.0,152.0,0.17,0.84,11.21,15.28,10.35,15.5,0.82,86.15,78.22,1820.1,560.0,14577.0,7.3,3.61,2.11,5.33,6.7,38.62
2009-01-31,313,0.82,83.38,81.6,98.93,41.43,41.31,390.96,360.61,4.36,4.39,463.11,588.9,659.28,6.2,6.49,135.0,148.0,0.17,0.83,10.41,10.78,9.59,13.3,0.82,83.38,62.26,1688.3,490.0,14375.0,7.8,3.25,2.12,5.06,6.57,37.38
2009-02-28,382,0.8,81.16,79.68,101.65,42.43,41.22,361.88,345.84,3.87,4.15,428.28,534.51,618.04,5.79,6.11,131.0,141.0,0.16,0.82,10.25,9.31,9.45,11.6,0.8,81.16,62.26,1688.3,582.0,14375.0,8.3,3.25,2.13,5.13,6.45,25.3
2009-03-31,499,0.77,81.22,81.66,103.27,42.47,38.91,376.5,359.35,3.85,4.18,440.13,521.13,624.25,5.71,6.29,129.0,138.0,0.17,0.82,10.36,10.44,9.64,11.7,0.77,81.22,62.26,1688.3,505.0,14375.0,8.7,3.25,2.12,5.0,6.29,26.9
2009-04-30,608,0.77,86.87,87.02,107.47,42.83,38.69,387.23,369.3,3.85,4.28,442.9,526.4,609.65,5.75,6.36,126.0,132.0,0.2,0.82,10.49,10.78,9.82,11.9,0.77,86.87,62.26,1634.0,478.0,14355.6,9.0,3.25,2.13,4.81,6.15,40.81
2009-05-31,513,0.83,84.59,85.27,110.13,43.18,40.14,417.97,397.76,3.96,4.57,496.15,585.69,669.99,5.85,6.97,126.0,133.0,0.23,0.83,10.71,9.84,10.14,11.6,0.83,84.59,62.26,1634.0,540.0,14355.6,9.4,3.25,2.13,4.86,6.1,54.81
2009-06-30,436,0.86,82.24,81.31,103.75,42.21,32.09,412.45,397.25,4.01,4.56,495.73,580.41,662.41,5.72,6.94,117.0,122.0,0.27,0.85,10.79,9.97,10.22,11.3,0.86,82.24,62.26,1634.0,585.0,14355.6,9.5,3.25,2.15,5.42,6.01,49.32
2009-07-31,448,0.83,82.29,82.72,104.85,42.74,27.4,332.57,322.11,3.6,3.86,444.78,514.02,558.53,5.17,6.12,111.0,116.0,0.29,0.84,10.87,9.97,10.15,11.3,0.83,82.29,62.26,1613.1,594.0,14402.5,9.5,3.25,2.15,5.22,5.93,47.37
2009-08-31,399,0.75,82.46,82.48,104.23,36.56,30.07,327.14,321.8,3.33,3.87,418.07,486.43,515.01,4.85,5.73,104.0,109.0,0.29,0.88,10.86,11.2,10.38,12.1,0.75,82.46,62.26,1613.1,586.0,14402.5,9.6,3.25,2.15,5.19,5.86,54.48
2009-09-30,559,0.73,84.48,83.13,102.21,37.41,25.02,322.39,309.23,3.25,3.82,369.8,451.88,456.26,4.48,5.2,105.0,109.0,0.3,0.97,11.01,12.11,11.15,13.0,0.73,84.48,62.26,1613.1,585.0,14402.5,9.8,3.25,2.16,5.06,5.79,53.43
2009-10-31,687,0.71,83.83,83.53,95.44,37.65,27.84,372.01,352.4,3.61,4.25,401.28,496.58,505.55,4.47,5.42,105.0,109.0,0.32,1.02,11.93,12.82,11.86,14.3,0.71,83.83,62.26,1598.4,534.0,14541.9,10.0,3.25,2.17,4.95,5.72,48.67
2009-11-30,315,0.72,86.0,83.43,94.76,40.12,36.6,389.94,363.13,3.65,4.36,452.71,539.54,557.35,4.79,5.74,105.0,109.0,0.35,1.15,13.24,14.08,13.25,15.4,0.72,86.0,62.26,1598.4,588.0,14541.9,9.9,3.25,2.17,4.88,5.7,50.64
2009-12-31,542,0.73,81.87,80.34,96.01,45.82,33.55,395.5,359.91,3.6,4.18,467.32,532.76,536.66,4.87,5.62,105.0,109.0,0.37,1.29,14.25,14.98,15.01,16.5,0.73,81.87,62.26,1598.4,581.0,14541.9,9.9,3.25,2.17,4.93,5.65,53.62
2010-01-31,327,0.82,85.22,83.46,100.16,49.81,38.53,385.87,352.86,3.66,4.25,454.72,522.12,523.79,4.9,5.48,106.0,111.0,0.39,1.23,15.22,14.5,13.85,16.1,0.82,85.22,77.09,1615.0,614.0,14604.8,9.8,3.25,2.17,5.03,5.58,56.45
2010-02-28,456,0.81,90.11,87.41,109.3,48.98,48.52,362.78,340.12,3.55,4.11,436.82,488.79,510.17,4.73,5.29,104.0,110.0,0.39,1.1,15.65,14.28,12.9,15.9,0.81,90.11,77.09,1615.0,604.0,14604.8,9.8,3.25,2.17,4.99,5.5,46.42
2010-03-31,705,0.84,97.2,92.93,114.02,52.43,48.1,363.6,341.03,3.55,4.04,438.48,479.5,497.25,4.7,5.2,107.0,113.0,0.38,1.04,14.46,12.78,12.92,14.8,0.84,97.2,77.09,1615.0,636.0,14604.8,9.9,3.25,2.17,4.97,5.54,52.29
2010-04-30,853,0.82,98.11,99.58,124.21,57.43,54.1,354.02,336.35,3.41,3.99,442.65,476.7,485.94,4.41,5.25,108.0,112.0,0.37,1.12,13.78,12.92,13.73,14.6,0.82,98.11,77.09,1659.3,687.0,14745.9,9.9,3.25,2.17,5.1,5.55,57.74
2010-05-31,461,0.86,100.71,97.93,122.44,63.13,59.37,364.45,342.76,3.48,4.15,448.59,476.74,478.35,4.34,4.94,113.0,120.0,0.36,1.25,14.9,13.38,15.29,15.1,0.86,100.71,77.09,1659.3,583.0,14745.9,9.6,3.25,2.17,4.89,5.52,62.66
2010-06-30,569,0.87,92.63,92.25,117.51,58.23,55.35,346.78,324.1,3.41,3.88,426.4,449.4,450.28,4.16,4.29,112.0,120.0,0.37,1.28,16.01,13.62,15.45,15.5,0.87,92.63,77.09,1659.3,536.0,14745.9,9.4,3.25,2.17,4.74,5.52,54.31
2010-07-31,435,0.86,93.0,93.12,119.25,58.25,56.1,374.83,349.07,3.49,4.16,537.71,564.56,525.35,4.49,5.33,111.0,118.0,0.36,1.22,17.1,13.74,15.75,16.0,0.86,93.0,77.09,1692.8,546.0,14845.5,9.4,3.25,2.18,4.56,5.51,51.03
2010-08-31,412,0.83,99.19,96.42,117.39,61.49,60.0,408.61,377.07,3.65,4.46,628.5,687.11,675.09,5.44,6.71,110.0,118.0,0.36,1.15,16.98,15.18,15.61,16.7,0.83,99.19,77.09,1692.8,599.0,14845.5,9.5,3.25,2.18,4.43,5.52,53.18
2010-09-30,653,0.84,97.41,97.22,111.82,60.64,59.93,482.81,451.14,4.08,5.23,642.62,704.58,700.96,5.79,7.4,112.0,119.0,0.36,1.14,17.6,16.26,16.76,17.7,0.84,97.41,77.09,1692.8,594.0,14845.5,9.5,3.25,2.18,4.35,5.5,48.61
2010-10-31,1117,0.8,97.63,97.85,107.06,52.41,51.09,545.55,518.93,4.32,5.99,609.79,686.57,703.79,5.88,7.45,111.0,118.0,0.37,1.17,17.57,16.94,17.15,18.5,0.8,97.63,77.09,1728.1,543.0,14939.0,9.4,3.25,2.19,4.23,5.51,49.92
2010-11-30,394,0.81,99.42,99.89,115.11,47.0,44.76,552.25,533.03,4.55,6.05,637.49,675.04,713.12,6.1,7.45,110.0,117.0,0.37,1.2,17.21,15.44,16.68,17.9,0.81,99.42,77.09,1728.1,545.0,14939.0,9.8,3.25,2.2,4.3,5.51,57.82
2010-12-31,750,0.78,102.5,102.3,123.06,50.92,46.06,585.58,565.21,4.82,6.36,719.83,756.95,804.0,6.44,8.4,111.0,121.0,0.38,1.19,15.77,13.83,15.03,16.7,0.78,102.5,77.09,1728.1,539.0,14939.0,9.3,3.25,2.2,4.71,5.47,63.4
2011-01-31,506,0.76,106.05,105.12,131.59,55.56,45.76,635.24,608.41,4.94,6.73,755.44,804.06,853.76,6.69,8.9,112.0,121.0,0.39,1.25,16.79,13.48,16.42,16.7,0.76,106.05,113.53,1724.1,630.0,14881.3,9.1,3.25,2.21,4.76,5.43,64.79
2011-02-28,461,0.76,108.4,109.5,121.3,61.62,51.62,690.45,666.42,5.65,7.44,799.03,832.32,923.21,7.42,9.44,116.0,129.0,0.42,1.37,17.97,17.0,18.4,19.1,0.76,108.4,113.53,1724.1,517.0,14881.3,9.0,3.25,2.22,4.95,5.45,72.02
2011-03-31,624,0.82,114.76,116.81,146.68,62.63,55.58,683.66,658.09,5.53,7.38,694.68,732.68,844.49,7.55,8.62,126.0,142.0,0.46,1.49,18.83,19.4,19.41,20.4,0.82,114.76,113.53,1724.1,600.0,14881.3,9.0,3.25,2.23,4.84,5.48,63.82
2011-04-30,883,0.82,118.36,119.8,145.04,68.1,56.52,753.1,732.64,6.36,8.11,745.72,777.79,928.9,8.01,9.14,143.0,161.0,0.48,1.57,19.66,16.87,19.78,19.6,0.82,118.36,113.53,1761.0,554.0,14989.6,9.1,3.25,2.24,4.84,5.49,66.02
2011-05-31,588,0.83,110.42,111.42,137.72,68.41,55.25,721.89,707.43,6.32,7.82,743.77,766.32,937.6,8.16,9.65,171.0,191.0,0.5,1.61,20.63,16.52,20.29,19.6,0.83,110.42,113.53,1761.0,561.0,14989.6,9.0,3.25,2.25,4.64,5.52,61.74
2011-06-30,426,0.82,107.35,109.0,134.45,69.88,52.38,720.74,715.99,6.38,7.89,671.07,695.75,860.75,7.41,8.88,168.0,185.0,0.52,1.65,21.37,19.11,21.05,21.1,0.82,107.35,113.53,1761.0,608.0,14989.6,9.1,3.25,2.25,4.51,5.53,57.62
2011-07-31,457,0.8,110.95,110.87,140.27,71.65,54.62,683.73,695.59,6.33,7.64,653.75,668.69,802.78,7.1,8.27,179.0,198.0,0.55,1.62,21.29,21.39,20.33,21.8,0.8,110.95,113.53,1840.8,623.0,15021.1,9.0,3.25,2.25,4.55,5.55,59.23
2011-08-31,434,0.81,112.78,114.17,139.65,76.09,66.85,713.4,729.72,6.88,7.88,702.86,717.4,862.85,7.59,8.9,179.0,196.0,0.57,1.57,21.55,21.67,20.14,22.1,0.81,112.78,113.53,1840.8,585.0,15021.1,9.0,3.25,2.26,4.27,5.55,45.18
2011-09-30,700,0.75,116.76,117.17,136.65,65.45,63.05,689.23,677.31,6.38,7.0,640.19,679.0,829.68,7.54,8.55,180.0,198.0,0.59,1.54,20.55,19.07,19.53,21.1,0.75,116.76,113.53,1840.8,650.0,15021.1,9.0,3.25,2.27,4.11,5.58,46.37
2011-10-31,1125,0.74,120.33,121.25,142.14,68.44,59.93,632.12,622.75,5.73,6.98,596.49,626.61,776.93,7.27,7.88,185.0,204.0,0.61,1.51,19.41,18.03,18.41,20.0,0.74,120.33,113.53,1883.1,610.0,15190.3,8.8,3.25,2.27,4.07,5.59,40.87
2011-11-30,481,0.77,124.09,124.76,148.29,63.4,58.52,627.04,625.73,5.83,6.97,609.51,612.48,773.82,7.3,7.65,174.0,193.0,0.64,1.46,19.26,19.07,17.87,20.5,0.77,124.09,113.53,1883.1,711.0,15190.3,8.6,3.25,2.27,3.99,5.59,55.17
2011-12-31,662,0.8,122.33,122.8,148.41,62.14,53.23,602.01,595.36,5.86,6.57,593.62,605.98,745.21,7.2,7.29,174.0,195.0,0.66,1.42,18.08,18.77,16.87,19.7,0.8,122.33,113.53,1883.1,694.0,15190.3,8.5,3.25,2.27,3.96,5.61,64.76
2012-01-31,359,0.82,124.33,123.73,160.71,62.18,54.23,630.86,625.19,6.07,6.94,622.63,630.5,769.16,7.05,7.48,172.0,193.0,0.69,1.4,17.67,17.05,16.56,18.9,0.82,124.33,96.46,1938.1,723.0,15291.0,8.3,3.25,2.28,3.92,5.63,61.51
2012-02-29,487,0.86,126.23,125.74,174.13,63.94,56.19,640.39,640.84,6.28,7.1,643.64,648.64,758.69,7.1,7.56,177.0,194.0,0.64,1.38,16.94,16.06,15.92,17.6,0.86,126.23,96.46,1938.1,704.0,15291.0,8.3,3.25,2.28,3.89,5.63,71.62
2012-03-31,745,0.93,126.43,127.16,180.24,61.86,56.56,650.8,645.95,6.35,7.13,643.99,649.16,752.18,7.2,7.73,183.0,200.0,0.61,1.32,16.59,15.72,15.35,17.2,0.93,126.43,96.46,1938.1,695.0,15291.0,8.2,3.25,2.29,3.95,5.63,69.45
2012-04-30,883,0.85,122.04,122.26,169.9,58.99,51.59,633.95,633.51,6.34,6.96,623.99,630.86,711.21,7.11,7.24,192.0,210.0,0.59,1.25,16.2,15.72,14.8,16.8,0.85,122.04,96.46,1973.7,753.0,15362.4,8.2,3.25,2.29,3.91,5.62,68.7
2012-05-31,611,0.87,121.33,122.07,166.51,58.51,47.41,617.01,627.36,6.34,6.84,629.23,636.23,724.35,6.67,7.17,192.0,215.0,0.54,1.16,15.19,15.23,13.55,16.2,0.87,121.33,96.46,1973.7,708.0,15362.4,8.2,3.25,2.29,3.8,5.6,64.37
2012-06-30,499,0.85,118.67,119.27,164.86,67.87,48.63,603.19,630.26,6.37,6.79,655.98,655.9,758.88,6.7,7.52,180.0,205.0,0.5,1.1,14.32,15.63,13.24,16.3,0.85,118.67,96.46,1973.7,757.0,15362.4,8.2,3.25,2.29,3.68,5.62,62.69
2012-07-31,552,0.83,115.25,114.95,141.29,69.93,44.29,777.37,784.7,7.14,8.46,856.89,860.9,911.29,7.89,9.41,179.0,203.0,0.5,1.17,14.51,16.68,14.45,16.9,0.83,115.25,96.46,1963.4,740.0,15380.8,8.2,3.25,2.29,3.55,5.63,65.37
2012-08-31,583,0.83,119.5,120.12,143.03,63.51,37.32,803.54,815.9,7.63,8.44,870.38,876.92,943.09,8.04,9.5,183.0,203.0,0.53,1.25,15.64,17.73,15.76,18.2,0.83,119.5,96.46,1963.4,754.0,15380.8,8.1,3.25,2.3,3.6,5.65,61.28
2012-09-30,774,0.83,125.67,125.14,148.51,50.85,36.36,763.26,769.47,6.89,8.15,861.74,876.09,956.33,8.27,9.62,185.0,206.0,0.58,1.38,17.04,19.0,17.41,19.7,0.83,125.67,96.46,1963.4,847.0,15380.8,7.8,3.25,2.31,3.5,5.66,68.35
2012-10-31,1498,0.84,125.75,125.61,148.27,59.06,40.84,750.12,747.21,6.78,8.16,849.16,866.66,962.47,8.38,9.75,191.0,212.0,0.62,1.46,18.44,21.02,18.54,21.6,0.84,125.75,96.46,1981.4,915.0,15384.3,7.8,3.25,2.32,3.38,5.67,73.08
2012-11-30,632,0.93,126.66,125.75,149.49,57.67,54.73,740.11,739.44,7.01,8.18,858.2,861.51,973.35,8.47,9.82,190.0,215.0,0.65,1.51,18.81,20.83,18.66,22.1,0.93,126.66,96.46,1981.4,833.0,15384.3,7.7,3.25,2.31,3.35,5.68,71.54
2012-12-31,901,0.98,125.75,125.65,151.28,59.16,50.12,717.95,722.49,6.87,7.85,803.26,807.21,935.79,8.3,9.47,189.0,217.0,0.66,1.54,18.3,18.66,17.83,20.8,0.98,125.75,96.46,1981.4,976.0,15384.3,7.9,3.25,2.31,3.35,5.72,66.69
2013-01-31,678,1.02,125.0,124.33,149.68,61.22,46.08,713.91,716.94,6.96,7.7,768.98,768.7,910.39,8.12,9.13,188.0,217.0,0.65,1.56,18.19,18.14,17.63,20.0,1.02,125.0,123.73,2006.7,888.0,15491.9,8.0,3.25,2.32,3.41,5.74,58.43
2013-02-28,669,1.01,124.0,125.47,158.09,61.59,46.07,707.01,714.74,7.04,7.7,740.45,735.08,869.93,7.97,8.68,192.0,218.0,0.64,1.56,18.49,17.25,17.75,19.5,1.01,124.0,123.73,2006.7,970.0,15491.9,7.7,3.25,2.33,3.53,5.79,68.04
2013-03-31,702,1.06,127.15,126.33,153.76,54.28,59.27,724.76,732.08,7.13,7.85,717.9,709.42,834.79,7.79,8.43,195.0,219.0,0.6,1.52,18.82,16.93,17.75,19.1,1.06,127.15,123.73,2006.7,999.0,15491.9,7.5,3.25,2.32,3.57,5.81,61.9
2013-04-30,851,1.07,127.0,128.08,153.56,57.71,56.3,648.5,656.51,6.97,7.11,696.91,699.11,830.41,7.71,8.39,195.0,213.0,0.57,1.54,18.73,17.59,18.1,19.5,1.07,127.0,123.73,2019.0,826.0,15521.6,7.6,3.25,2.32,3.45,5.8,68.95
2013-05-31,554,1.1,124.76,126.48,143.78,66.03,52.75,671.64,682.56,6.97,7.5,701.26,698.47,853.42,7.68,8.69,195.0,219.0,0.58,1.63,18.43,18.52,18.89,19.7,1.1,124.76,123.73,2019.0,920.0,15521.6,7.5,3.25,2.32,3.54,5.83,74.26
2013-06-30,539,1.1,121.85,121.7,146.43,62.75,57.25,662.26,694.35,6.97,7.58,694.06,687.81,832.04,7.37,8.53,192.0,218.0,0.58,1.68,19.14,18.02,18.88,19.5,1.1,121.85,123.73,2019.0,852.0,15521.6,7.5,3.25,2.32,4.07,5.86,82.13
2013-07-31,491,1.01,119.0,120.41,155.24,72.88,69.64,589.24,660.86,6.79,7.1,660.06,660.8,813.85,6.95,8.3,181.0,206.0,0.58,1.73,19.22,17.38,18.9,19.1,1.01,119.0,123.73,2029.6,891.0,15641.3,7.3,3.25,2.33,4.37,5.86,81.01
2013-08-31,587,0.92,121.0,123.78,162.54,71.03,57.67,483.17,598.73,6.21,6.07,626.4,641.4,811.76,6.88,8.32,177.0,199.0,0.58,1.77,19.27,17.91,19.07,19.6,0.92,121.0,123.73,2029.6,898.0,15641.3,7.3,3.25,2.33,4.46,5.88,81.76
2013-09-30,571,0.91,123.0,124.23,164.82,67.84,71.68,466.0,478.0,5.4,5.27,640.89,647.8,800.41,6.8,8.37,174.0,194.0,0.58,1.81,19.78,18.14,19.43,20.1,0.91,123.0,123.73,2029.6,860.0,15641.3,7.3,3.25,2.34,4.49,5.91,80.2
2013-10-31,1225,0.92,,130.09,169.87,64.95,65.09,439.16,419.93,4.63,5.13,678.73,688.95,869.66,6.94,8.85,174.0,193.0,0.57,1.84,20.56,18.22,20.17,20.9,0.92,,123.73,2076.3,921.0,15793.9,7.2,3.25,2.34,4.19,5.93,72.38
2013-11-30,643,0.92,132.0,132.23,173.33,60.21,68.05,423.0,410.13,4.37,5.06,645.89,650.6,844.87,6.85,8.35,168.0,188.0,0.58,1.89,20.76,18.83,20.52,21.6,0.92,132.0,123.73,2076.3,1104.0,15793.9,6.9,3.25,2.34,4.26,5.96,72.03
2013-12-31,960,0.95,131.0,131.18,174.96,58.16,66.1,426.73,411.87,4.41,5.02,622.68,622.13,803.27,6.73,7.94,163.0,186.0,0.57,1.96,21.66,18.95,21.54,22.0,0.95,131.0,123.73,2076.3,1010.0,15793.9,6.7,3.25,2.35,4.46,5.93,77.54
2014-01-31,631,0.97,95.76,143.33,181.87,58.36,60.52,426.86,411.44,4.42,5.03,585.82,575.11,755.71,6.65,7.5,162.0,186.0,0.6,2.03,22.21,21.15,22.29,23.5,0.97,95.76,92.59,2111.8,902.0,15747.0,6.6,3.25,2.35,4.43,5.99,79.41
2014-02-28,575,0.93,145.0,146.45,187.56,63.88,59.49,447.29,432.43,4.35,5.32,608.28,595.91,805.8,6.5,7.96,167.0,190.0,0.62,2.07,23.73,23.35,23.46,24.8,0.93,145.0,92.59,2111.8,948.0,15747.0,6.7,3.25,2.36,4.3,6.01,78.3
2014-03-31,655,1.02,148.86,151.93,197.6,83.82,75.41,482.43,461.04,4.52,5.65,690.71,679.02,887.0,6.74,8.81,170.0,193.0,0.65,2.09,24.22,23.33,23.66,25.1,1.02,148.86,92.59,2111.8,973.0,15747.0,6.7,3.25,2.36,4.34,6.05,83.86
2014-04-30,745,1.1,146.67,149.01,204.01,89.09,93.44,501.86,483.55,4.71,5.65,691.05,683.1,881.21,6.82,8.85,188.0,207.0,0.68,2.02,24.74,24.31,23.34,25.3,1.1,146.67,92.59,2143.4,1038.0,15900.8,6.2,3.25,2.36,4.34,6.09,81.71
2014-05-31,474,1.15,144.0,146.19,207.57,81.76,84.24,488.7,472.13,4.71,5.51,686.39,682.36,901.14,7.08,9.11,196.0,227.0,0.67,1.88,24.44,22.57,22.65,24.2,1.15,144.0,92.59,2143.4,987.0,15900.8,6.2,3.25,2.37,4.19,6.11,82.21
2014-06-30,408,1.15,150.0,149.55,223.82,85.35,75.51,446.67,435.94,4.5,5.14,586.81,592.05,823.14,6.49,8.33,191.0,224.0,0.68,1.86,23.94,21.36,23.13,23.2,1.15,150.0,92.59,2143.4,928.0,15900.8,6.1,3.25,2.37,4.16,6.13,86.37
2014-07-31,389,1.09,,158.57,237.17,95.17,81.16,383.3,373.39,4.06,4.64,530.27,538.34,761.32,6.15,7.64,185.0,217.0,0.69,1.86,24.41,21.6,23.78,23.3,1.09,,92.59,2186.7,1085.0,16094.5,6.2,3.25,2.37,4.13,6.17,90.33
2014-08-31,369,0.99,160.62,158.35,239.92,80.39,86.44,359.35,358.08,3.63,4.48,534.15,546.42,733.15,5.97,7.17,181.0,207.0,0.69,1.79,25.34,22.25,23.89,24.2,0.99,160.62,92.59,2186.7,984.0,16094.5,6.2,3.25,2.37,4.12,6.2,93.42
2014-09-30,486,1.06,,159.86,246.47,74.36,63.82,335.39,315.05,3.49,4.14,481.83,500.2,709.77,5.71,6.64,172.0,197.0,0.67,1.48,26.11,24.6,22.58,25.7,1.06,,92.59,2186.7,999.0,16094.5,6.0,3.25,2.37,4.16,6.23,89.04
2014-10-31,731,1.07,164.0,164.91,251.18,75.24,63.0,349.41,310.89,3.57,4.15,504.44,511.22,734.46,5.71,6.68,171.0,193.0,0.66,1.5,21.93,23.82,21.35,24.9,1.07,164.0,92.59,2180.6,1094.0,16186.7,5.7,3.25,2.38,4.04,6.25,94.05
2014-11-30,354,1.04,167.5,170.04,262.34,63.76,70.19,373.17,343.52,3.6,4.54,543.01,541.78,720.26,6.04,7.02,162.0,182.0,0.64,1.41,19.91,21.94,18.21,23.0,1.04,167.5,92.59,2180.6,994.0,16186.7,5.8,3.25,2.37,4.0,6.27,91.03
2014-12-31,512,0.99,162.0,163.09,261.32,61.24,91.0,395.8,373.44,3.79,4.55,621.44,614.92,754.17,6.14,7.34,156.0,180.0,0.59,1.24,19.09,17.82,16.7,20.4,0.99,162.0,92.59,2180.6,1081.0,16186.7,5.6,3.25,2.36,3.86,6.29,93.06
2015-01-31,220,1.0,166.8,165.13,252.21,54.05,46.0,388.52,366.03,3.82,4.44,556.09,545.79,675.15,6.15,6.77,149.0,170.0,0.59,1.03,16.18,16.18,13.23,17.6,1.0,166.8,80.88,2187.9,1101.0,16269.0,5.7,3.25,2.35,3.71,6.34,103.8
2015-02-28,346,0.92,160.0,160.29,243.09,61.24,36.58,383.68,365.76,3.79,4.41,518.57,517.49,644.46,5.89,6.46,153.0,167.0,0.52,1.03,14.48,15.46,13.82,16.8,0.92,160.0,80.88,2187.9,893.0,16269.0,5.5,3.25,2.35,3.71,6.36,98.82
2015-03-31,499,0.98,162.17,163.42,253.76,45.61,34.04,382.94,366.14,3.81,4.43,507.49,508.58,645.94,5.7,6.28,157.0,169.0,0.48,1.03,14.5,15.56,13.8,16.6,0.98,162.17,80.88,2187.9,964.0,16269.0,5.5,3.25,2.36,3.77,6.35,101.44
2015-04-30,430,1.04,162.44,162.98,252.78,45.13,34.23,374.53,358.9,3.75,4.38,501.69,503.33,622.27,5.56,6.09,167.0,175.0,0.46,0.97,14.98,15.81,13.51,16.5,1.04,162.44,80.88,2196.6,1192.0,16374.2,5.4,3.25,2.36,3.67,6.4,94.32
2015-05-31,260,1.07,160.02,160.76,251.96,57.23,26.78,359.24,348.1,3.64,4.23,487.21,489.99,618.13,5.33,5.86,168.0,187.0,0.45,0.95,14.81,16.19,13.91,16.8,1.07,160.02,80.88,2196.6,1063.0,16374.2,5.5,3.25,2.37,3.84,6.43,94.6
2015-06-30,300,1.02,154.0,151.13,252.55,57.25,33.07,364.4,350.85,3.59,4.24,517.07,518.89,639.63,5.42,5.71,158.0,178.0,0.43,0.93,14.77,16.72,13.9,17.0,1.02,154.0,80.88,2196.6,1213.0,16374.2,5.3,3.25,2.37,3.98,6.45,99.8
2015-07-31,268,0.93,147.82,149.17,237.21,56.21,35.22,406.35,384.74,3.8,4.56,539.72,546.97,626.97,5.23,5.37,152.0,172.0,0.4,0.85,14.7,16.33,13.15,16.7,0.93,147.82,80.88,2217.5,1147.0,16454.9,5.3,3.25,2.38,4.05,6.47,91.0
2015-08-31,167,0.82,147.0,149.06,227.98,55.91,45.2,367.71,349.92,3.68,4.14,500.01,498.82,570.13,4.84,4.89,143.0,161.0,0.33,0.76,14.54,16.27,12.9,16.7,0.82,147.0,80.88,2217.5,1132.0,16454.9,5.1,3.25,2.38,3.91,6.48,101.3
2015-09-30,249,0.79,128.0,136.28,201.07,51.64,40.36,373.8,354.33,3.68,4.22,485.56,485.99,543.6,4.72,4.7,142.0,160.0,0.25,0.8,15.36,15.82,15.08,17.5,0.79,128.0,80.88,2217.5,1189.0,16454.9,5.1,3.25,2.37,3.89,6.49,102.6
2015-10-31,515,0.74,132.66,132.88,194.04,52.68,51.95,383.06,365.08,3.67,4.36,502.12,506.99,561.81,4.86,4.82,143.0,155.0,0.23,0.9,16.44,15.46,16.43,17.7,0.74,132.66,80.88,2198.8,1073.0,16490.7,5.0,3.25,2.38,3.8,6.53,99.1
2015-11-30,222,0.74,130.5,126.9,185.03,42.01,41.59,366.31,360.51,3.59,4.22,497.44,495.48,552.15,4.86,5.16,138.0,147.0,0.24,0.83,18.26,15.3,16.89,18.2,0.74,130.5,80.88,2198.8,1171.0,16490.7,5.0,3.25,2.38,3.94,6.59,92.6
2015-12-31,516,0.81,123.51,125.0,166.51,39.3,24.21,369.32,362.01,3.65,4.17,482.22,474.41,560.1,4.75,5.27,139.0,149.0,0.23,0.79,16.71,14.44,15.52,17.3,0.81,123.51,80.88,2198.8,1160.0,16490.7,5.0,3.37,2.38,3.96,6.63,96.3
2016-01-31,243,0.88,133.58,133.15,173.76,40.34,28.54,361.84,353.59,3.66,4.09,474.38,473.2,546.16,4.82,5.27,134.0,141.0,0.23,0.78,14.19,13.72,13.31,16.1,0.88,133.58,65.86,2179.7,1128.0,16525.0,4.9,3.5,2.38,3.87,6.64,97.8
2016-02-29,222,0.82,135.27,133.85,176.94,46.61,39.35,363.28,356.7,3.58,4.06,468.88,460.13,527.75,4.61,5.09,135.0,137.0,0.25,0.77,14.3,13.8,13.49,15.7,0.82,135.27,65.86,2179.7,1213.0,16525.0,4.9,3.5,2.38,3.66,6.66,94.0
2016-03-31,258,0.84,137.23,137.83,183.4,46.95,33.37,363.49,352.88,3.56,4.05,470.02,463.76,533.53,4.4,5.21,136.0,139.0,0.25,0.75,13.57,13.74,12.74,15.3,0.84,137.23,65.86,2179.7,1113.0,16525.0,5.0,3.5,2.38,3.69,6.71,96.1
2016-04-30,335,0.88,130.94,129.52,171.89,47.96,38.09,372.68,360.37,3.56,4.18,470.92,470.96,522.67,4.46,5.1,144.0,154.0,0.25,0.73,13.54,13.63,12.68,15.1,0.88,130.94,65.86,2185.0,1155.0,16583.1,5.0,3.5,2.39,3.61,6.7,94.7
2016-05-31,234,0.92,128.42,129.9,160.77,54.75,45.3,389.42,372.67,3.68,4.3,464.76,465.11,507.89,4.45,4.68,140.0,147.0,0.25,0.76,13.53,12.76,13.09,14.5,0.92,128.42,65.86,2185.0,1128.0,16583.1,4.7,3.5,2.39,3.6,6.69,92.4
2016-06-30,247,0.98,122.67,122.95,151.59,58.42,45.29,410.26,389.83,3.82,4.62,469.72,475.26,503.49,4.2,4.81,134.0,142.0,0.26,0.79,14.12,13.22,13.77,14.8,0.98,122.67,65.86,2185.0,1195.0,16583.1,4.9,3.5,2.4,3.57,6.69,97.4
2016-07-31,152,0.91,117.76,117.1,148.93,56.28,41.79,343.3,324.93,3.6,4.11,412.4,418.88,424.26,3.75,4.13,131.0,140.0,0.27,0.84,15.16,15.24,14.84,16.1,0.91,117.76,65.86,2192.5,1218.0,16727.0,4.9,3.5,2.4,3.44,6.71,96.7
2016-08-31,102,0.8,116.55,116.91,151.2,48.12,47.38,323.04,307.93,3.21,3.82,398.89,407.1,414.74,3.67,4.06,131.0,138.0,0.28,0.86,15.21,16.3,14.65,17.2,0.8,116.55,65.86,2192.5,1164.0,16727.0,4.9,3.5,2.4,3.44,6.7,101.8
2016-09-30,200,0.78,106.08,106.22,138.38,43.36,42.83,328.9,320.25,3.22,3.78,375.02,390.98,424.61,3.49,4.1,129.0,137.0,0.3,0.88,14.66,16.39,14.25,17.4,0.78,106.08,65.86,2192.5,1052.0,16727.0,4.9,3.5,2.41,3.46,6.73,103.5
2016-10-31,611,0.71,100.37,101.76,121.82,37.07,30.84,349.49,326.23,3.29,3.88,381.28,408.77,440.15,3.68,4.14,131.0,135.0,0.33,0.92,14.09,14.82,13.66,16.7,0.71,100.37,65.86,2197.2,1320.0,16813.3,4.8,3.5,2.42,3.47,6.74,100.8
2016-11-30,205,0.76,106.77,106.23,131.47,34.45,27.33,344.98,335.11,3.23,3.83,388.16,403.23,464.19,3.88,4.09,128.0,130.0,0.37,0.91,14.6,16.76,13.76,17.8,0.76,106.77,65.86,2197.2,1149.0,16813.3,4.6,3.5,2.42,3.77,6.77,109.4
2016-12-31,328,0.84,113.37,115.24,131.13,39.45,24.48,349.68,334.24,3.33,3.88,393.68,397.44,455.61,3.91,3.86,126.0,129.0,0.4,0.96,15.26,17.4,14.97,18.9,0.84,113.37,65.86,2197.2,1275.0,16813.3,4.7,3.64,2.43,4.2,6.78,113.3
