Time,Sales,corn1,corn3,wheat1,wheat2,wheat3,wheat4,hay2,dairy6,BRLCS_broilers,STRTXOK_beef_steers,FarmIncome,HOUST,RealGDP,Unemploy,Interest_US,ConsumerInflt,30YearMtggRate,ConstructionEm,ConsumerConfidenceI,livestock1_broilers_isNA,livestock2_beef_steers_isNA,livestock3_steers_isNA,livestock4_steers_isNA,livestock5_hog_isNA,livestock6_hog_isNA,wheat5_isNA,dairy1_isNA,dairy2_isNA,dairy3_isNA,dairy4_isNA,dairy5_isNA,BRLCS_broilers_isNA,STRTXOK_beef_steers_isNA,Non-ResidentialInvest_isNA
1990-01-31,505,239.83,2.31,402.53,396.76,429.99,3.71,93.3,15.5,0.51,79.06,46.26,1551.0,8947.1,5.4,10.11,1.28,9.9,5.42,106.5,1,0,1,1,1,1,1,1,1,1,1,1,1,0,1
1990-02-28,467,241.59,2.32,392.28,386.3,412.67,3.56,95.2,14.5,0.51,79.04,46.26,1437.0,8947.1,5.3,10.0,1.28,10.2,5.42,106.7,1,0,1,1,1,1,1,1,1,1,1,1,1,0,1
1990-03-31,467,250.58,2.37,387.13,377.33,403.26,3.48,96.7,13.9,0.51,79.16,46.26,1289.0,8947.1,5.2,10.0,1.29,10.27,5.39,110.6,1,0,1,1,1,1,1,1,1,1,1,1,1,0,1
1990-04-30,593,273.49,2.51,383.06,367.06,412.49,3.49,103.0,13.4,0.51,79.89,46.26,1248.0,8981.7,5.4,10.0,1.29,10.37,5.36,107.3,1,0,1,1,1,1,1,1,1,1,1,1,1,0,1
1990-05-31,866,284.34,2.62,371.44,365.44,389.52,3.4,104.0,13.5,0.51,78.28,46.26,1212.0,8981.7,5.4,10.0,1.29,10.48,5.32,107.3,1,0,1,1,1,1,1,1,1,1,1,1,1,0,1
1990-06-30,715,285.51,2.63,326.43,332.3,359.68,3.08,92.6,13.8,0.51,76.75,46.26,1177.0,8981.7,5.2,10.0,1.3,10.16,5.3,102.4,1,0,1,1,1,1,1,1,1,1,1,1,1,0,1
1990-07-31,591,273.58,2.62,304.43,304.6,310.61,2.79,89.4,14.0,0.51,75.44,46.26,1171.0,8983.9,5.5,10.0,1.31,10.04,5.27,101.7,1,0,1,1,1,1,1,1,1,1,1,1,1,0,1
1990-08-31,371,251.11,2.51,282.64,280.33,288.33,2.58,86.3,14.2,0.51,77.63,46.26,1115.0,8983.9,5.7,10.0,1.32,10.1,5.23,84.7,1,0,1,1,1,1,1,1,1,1,1,1,1,0,1
1990-09-30,269,234.14,2.32,262.43,266.55,283.09,2.46,89.2,13.9,0.51,78.25,46.26,1110.0,8983.9,5.9,10.0,1.33,10.18,5.2,85.6,1,0,1,1,1,1,1,1,1,1,1,1,1,0,1
1990-10-31,778,229.79,2.19,262.34,267.67,280.2,2.43,90.7,13.1,0.51,79.77,46.26,1014.0,8907.4,5.9,10.0,1.33,10.18,5.13,62.6,1,0,1,1,1,1,1,1,1,1,1,1,1,0,1
1990-11-30,618,226.18,2.16,250.46,254.63,278.44,2.39,85.7,12.7,0.51,81.16,46.26,1145.0,8907.4,6.2,10.0,1.34,10.01,5.1,61.7,1,0,1,1,1,1,1,1,1,1,1,1,1,0,1
1990-12-31,531,228.7,2.22,250.52,254.84,277.86,2.4,84.6,11.7,0.51,81.38,46.26,969.0,8907.4,6.3,10.0,1.34,9.67,5.05,61.2,1,0,1,1,1,1,1,1,1,1,1,1,1,0,1
1991-01-31,241,237.52,2.27,249.77,254.75,270.8,2.42,84.2,11.7,0.51,79.32,40.23,798.0,8865.6,6.4,9.52,1.35,9.64,4.97,55.1,1,0,1,1,1,1,1,1,1,1,1,1,1,0,1
1991-02-28,231,240.36,2.32,252.87,254.58,275.95,2.42,84.8,11.6,0.51,79.53,40.23,965.0,8865.6,6.6,9.05,1.35,9.37,4.93,59.4,1,0,1,1,1,1,1,1,1,1,1,1,1,0,1
1991-03-31,506,248.33,2.39,275.58,276.18,293.94,2.53,85.9,11.4,0.51,80.96,40.23,921.0,8865.6,6.8,9.0,1.35,9.5,4.88,81.1,0,0,1,1,1,1,1,1,1,1,1,1,0,0,1
1991-04-30,703,255.55,2.42,279.7,282.08,297.97,2.6,90.1,11.3,0.52,80.73,40.23,1001.0,8934.4,6.7,9.0,1.35,9.49,4.84,79.4,0,0,1,1,1,1,1,1,1,1,1,1,0,0,1
1991-05-31,765,243.63,2.38,283.37,284.98,302.64,2.65,86.5,11.3,0.52,78.2,40.23,996.0,8934.4,6.9,8.5,1.36,9.47,4.8,76.4,0,0,1,1,1,1,1,1,1,1,1,1,0,0,1
1991-06-30,576,239.48,2.31,286.33,285.46,298.66,2.55,80.1,11.4,0.53,74.2,40.23,1036.0,8934.4,6.9,8.5,1.36,9.62,4.78,78.0,0,0,1,1,1,1,1,1,1,1,1,1,0,0,1
1991-07-31,297,238.82,2.27,277.85,272.58,290.9,2.5,75.4,11.8,0.54,72.36,40.23,1063.0,8977.3,6.8,8.5,1.36,9.58,4.75,77.7,0,0,1,1,1,1,1,1,1,1,1,1,0,0,1
1991-08-31,319,249.42,2.33,297.26,297.15,310.2,2.63,74.0,12.4,0.54,67.18,40.23,1049.0,8977.3,6.9,8.5,1.37,9.24,4.73,76.1,0,0,1,1,1,1,1,1,1,1,1,1,0,0,1
1991-09-30,296,248.51,2.33,324.14,324.24,331.06,2.8,72.3,12.8,0.54,69.35,40.23,1015.0,8977.3,6.9,8.2,1.37,9.01,4.73,72.9,0,0,1,1,1,1,1,1,1,1,1,1,0,0,1
1991-10-31,780,250.87,2.31,350.35,351.85,363.7,3.07,71.2,13.5,0.52,71.14,40.23,1079.0,9016.4,7.0,8.0,1.37,8.86,4.7,60.1,0,0,1,1,1,1,1,1,1,1,1,1,0,0,1
1991-11-30,247,243.45,2.29,357.15,359.18,376.24,3.25,71.0,13.9,0.5,72.41,40.23,1103.0,9016.4,7.0,7.58,1.38,8.71,4.64,52.7,0,0,1,1,1,1,1,1,1,1,1,1,0,0,1
1991-12-31,522,246.76,2.33,384.86,394.48,406.07,3.44,72.0,13.8,0.5,70.84,40.23,1079.0,9016.4,7.3,7.21,1.38,8.5,4.65,52.5,0,0,1,1,1,1,1,1,1,1,1,1,0,0,1
1992-01-31,271,258.03,2.4,411.41,419.11,435.0,3.54,72.3,13.4,0.5,73.92,50.71,1176.0,9123.0,7.3,6.5,1.38,8.43,4.67,50.2,0,0,1,1,1,1,1,1,1,1,1,1,0,0,1
1992-02-29,209,264.5,2.46,403.92,427.34,450.74,3.78,74.5,12.9,0.5,77.24,50.71,1250.0,9123.0,7.4,6.5,1.39,8.76,4.61,47.3,0,0,1,1,1,1,1,1,1,1,1,1,0,0,1
1992-03-31,484,267.42,2.49,370.0,394.9,432.72,3.72,72.9,12.5,0.5,78.1,50.71,1297.0,9123.0,7.4,6.5,1.39,8.94,4.62,56.5,0,0,1,1,1,1,1,1,1,1,1,1,0,0,1
1992-04-30,413,253.25,2.48,353.19,369.8,408.11,3.65,73.7,12.6,0.45,78.09,50.71,1099.0,9223.5,7.4,6.5,1.39,8.85,4.6,65.1,0,0,1,1,1,1,1,1,1,1,1,1,0,0,1
1992-05-31,342,254.86,2.49,361.86,369.89,389.66,3.64,84.0,12.8,0.54,76.29,50.71,1214.0,9223.5,7.6,6.5,1.4,8.67,4.61,71.9,0,0,1,1,1,1,1,1,1,1,1,1,0,0,1
1992-06-30,310,255.6,2.47,364.7,358.03,391.32,3.43,80.4,13.2,0.53,73.49,50.71,1145.0,9223.5,7.8,6.5,1.4,8.51,4.58,72.6,0,0,1,1,1,1,1,1,1,1,1,1,0,0,1
1992-07-31,180,232.36,2.33,337.53,337.28,351.74,3.15,73.7,13.4,0.57,73.01,50.71,1139.0,9313.2,7.7,6.02,1.41,8.13,4.57,61.2,0,0,1,1,1,1,1,1,1,1,1,1,0,0,1
1992-08-31,179,219.2,2.15,312.88,312.04,326.76,3.01,75.4,13.5,0.56,74.14,50.71,1226.0,9313.2,7.6,6.0,1.41,7.98,4.58,59.0,0,0,1,1,1,1,1,1,1,1,1,1,0,0,1
1992-09-30,168,221.02,2.16,327.78,333.24,356.0,3.2,73.4,13.5,0.52,75.04,50.71,1186.0,9313.2,7.6,6.0,1.41,7.92,4.58,57.3,0,0,1,1,1,1,1,1,1,1,1,1,0,0,1
1992-10-31,498,208.9,2.05,338.15,349.56,358.76,3.22,73.7,13.4,0.54,75.96,50.71,1244.0,9406.5,7.3,6.0,1.42,8.09,4.6,54.6,0,0,1,1,1,1,1,1,1,1,1,1,0,0,1
1992-11-30,342,211.83,1.98,359.05,368.85,377.25,3.29,74.9,13.1,0.55,75.23,50.71,1214.0,9406.5,7.4,6.0,1.42,8.31,4.61,65.6,0,0,1,1,1,1,0,1,1,1,1,1,0,0,1
1992-12-31,323,212.73,1.97,357.01,366.64,381.24,2.96,77.2,12.8,0.51,78.43,50.71,1227.0,9406.5,7.4,6.0,1.42,8.22,4.63,78.1,0,0,1,1,1,1,0,1,1,1,1,1,0,0,1
1993-01-31,313,217.66,2.03,375.23,376.88,396.56,3.37,79.8,12.5,0.52,79.87,46.73,1210.0,9424.1,7.3,6.0,1.43,8.02,4.66,76.7,0,0,1,1,1,1,0,1,1,1,1,1,0,0,1
1993-02-28,228,212.32,2.0,365.89,368.76,374.5,3.33,82.4,12.2,0.53,81.01,46.73,1210.0,9424.1,7.1,6.0,1.43,7.68,4.71,68.5,0,0,1,1,1,1,0,1,1,1,1,1,0,0,1
1993-03-31,367,219.05,2.1,358.23,380.11,373.76,3.3,84.8,12.2,0.54,82.74,46.73,1083.0,9424.1,7.0,6.0,1.43,7.5,4.68,63.2,0,0,1,1,1,1,0,1,1,1,1,1,0,0,1
1993-04-30,613,228.7,2.16,372.17,352.25,359.21,3.26,86.9,12.6,0.55,81.76,46.73,1258.0,9480.1,7.1,6.0,1.44,7.47,4.69,67.6,0,0,1,1,1,1,0,1,1,1,1,1,0,0,1
1993-05-31,358,225.95,2.14,352.04,331.74,350.78,3.11,95.4,12.9,0.58,80.92,46.73,1260.0,9480.1,7.1,6.0,1.44,7.47,4.75,61.9,0,0,1,1,1,1,0,1,1,1,1,1,0,0,1
1993-06-30,346,218.08,2.09,281.03,283.22,332.23,2.84,88.0,13.0,0.55,77.15,46.73,1280.0,9480.1,7.0,6.0,1.44,7.42,4.76,58.6,0,0,1,1,1,1,0,1,1,1,1,1,0,0,1
1993-07-31,208,236.56,2.22,301.46,302.52,337.99,2.85,84.0,12.8,0.55,74.73,46.73,1254.0,9526.3,6.9,6.0,1.45,7.21,4.78,59.2,0,0,1,1,1,1,0,1,1,1,1,1,0,0,1
1993-08-31,231,237.34,2.25,306.13,308.67,333.29,2.96,85.2,12.4,0.58,75.21,46.73,1300.0,9526.3,6.8,6.0,1.45,7.11,4.81,59.3,0,0,1,1,1,1,0,1,1,1,1,1,0,0,1
1993-09-30,277,235.89,2.21,297.05,305.32,336.98,3.1,87.1,12.8,0.58,73.38,46.73,1343.0,9526.3,6.7,6.0,1.45,6.92,4.82,63.8,0,0,1,1,1,1,0,1,1,1,1,1,0,0,1
1993-10-31,555,248.6,2.28,308.23,326.39,350.11,3.25,88.9,13.1,0.56,71.9,46.73,1392.0,9653.5,6.8,6.0,1.46,6.83,4.87,60.5,0,0,1,1,1,1,0,1,1,1,1,1,0,0,1
1993-11-30,645,273.82,2.45,328.21,345.76,388.7,3.47,87.8,13.6,0.56,73.12,46.73,1376.0,9653.5,6.6,6.0,1.46,7.16,4.89,71.9,0,0,1,1,1,1,1,1,1,1,1,1,0,0,1
1993-12-31,698,289.55,2.67,353.82,367.31,415.41,3.63,89.7,13.5,0.53,72.39,46.73,1533.0,9653.5,6.5,6.0,1.46,7.17,4.93,79.8,0,0,1,1,1,1,0,1,1,1,0,1,0,0,1
1994-01-31,356,302.13,2.7,365.58,380.01,400.98,3.58,90.5,13.6,0.53,72.94,52.58,1272.0,9748.2,6.6,6.0,1.46,7.06,4.94,82.6,0,0,1,1,1,1,0,1,1,1,0,1,0,0,1
1994-02-28,247,291.03,2.79,352.7,366.33,380.09,3.6,93.2,13.4,0.55,73.08,52.58,1337.0,9748.2,6.6,6.0,1.47,7.15,4.92,79.9,0,0,1,1,1,1,0,1,1,1,0,1,0,0,1
1994-03-31,594,280.29,2.74,323.39,333.15,363.82,3.7,95.6,13.5,0.57,75.32,52.58,1564.0,9748.2,6.5,6.06,1.47,7.68,4.99,86.7,0,0,1,1,1,1,0,1,1,1,0,1,0,0,1
1994-04-30,574,266.72,2.65,317.68,328.36,364.26,3.56,100.0,13.4,0.58,75.52,52.58,1465.0,9881.4,6.4,6.45,1.47,8.32,5.05,92.1,0,0,1,1,1,1,0,1,1,1,0,1,0,0,1
1994-05-31,364,263.98,2.6,314.77,321.9,366.07,3.43,106.0,12.8,0.61,68.55,52.58,1526.0,9881.4,6.1,6.99,1.48,8.6,5.08,88.9,0,0,1,1,1,1,0,1,1,1,0,1,0,0,1
1994-06-30,296,267.74,2.61,320.55,328.15,360.3,3.21,94.3,12.6,0.6,63.29,52.58,1409.0,9881.4,6.1,7.25,1.48,8.4,5.1,92.5,0,0,1,1,1,1,0,1,1,1,0,1,0,0,1
1994-07-31,259,230.11,2.29,312.9,319.1,347.51,3.04,88.0,12.2,0.57,66.43,52.58,1439.0,9939.7,6.1,7.25,1.48,8.61,5.13,91.3,0,0,1,1,1,1,0,1,1,1,0,1,0,0,1
1994-08-31,218,219.21,2.16,333.96,344.87,369.92,3.25,89.9,12.4,0.55,67.78,52.58,1450.0,9939.7,6.0,7.51,1.49,8.51,5.14,90.4,0,0,1,1,1,1,0,1,1,1,0,1,0,0,1
1994-09-30,268,219.31,2.19,366.02,381.73,403.35,3.57,89.5,12.8,0.56,66.87,52.58,1474.0,9939.7,5.9,7.75,1.49,8.64,5.18,89.5,0,0,1,1,1,1,0,1,1,1,0,1,0,0,1
1994-10-31,582,215.95,2.06,390.28,402.95,432.03,3.76,91.6,13.0,0.54,66.19,52.58,1450.0,10052.5,5.8,7.75,1.49,8.93,5.18,89.1,0,0,1,1,1,1,0,1,1,1,0,1,0,0,1
1994-11-30,473,215.7,1.99,371.23,377.63,423.84,3.75,92.5,13.1,0.5,69.42,52.58,1511.0,10052.5,5.6,8.15,1.5,9.17,5.21,100.4,0,0,1,1,1,1,0,1,1,1,0,1,0,0,1
1994-12-31,550,221.27,2.13,385.99,384.92,427.07,3.74,92.5,12.8,0.51,69.32,52.58,1455.0,10052.5,5.5,8.5,1.5,9.2,5.23,103.4,0,0,1,1,1,1,0,1,1,1,0,1,0,0,1
1995-01-31,366,232.46,2.19,376.51,380.14,404.84,3.69,89.0,12.6,0.51,73.47,39.79,1407.0,10086.9,5.6,8.5,1.51,9.15,5.23,101.4,0,0,1,1,1,1,0,1,1,1,0,0,0,0,1
1995-02-28,452,233.41,2.23,363.08,366.82,397.64,3.61,89.0,12.5,0.52,73.6,39.79,1316.0,10086.9,5.4,9.0,1.51,8.83,5.19,99.4,0,0,1,1,1,1,0,1,1,1,0,0,0,0,1
1995-03-31,655,241.71,2.3,343.55,351.28,385.78,3.52,89.0,12.6,0.52,70.42,39.79,1249.0,10086.9,5.4,9.0,1.51,8.46,5.24,100.2,0,0,1,1,1,1,0,1,1,1,0,0,0,0,1
1995-04-30,810,248.66,2.36,344.88,351.24,386.7,3.48,89.4,12.3,0.52,67.7,39.79,1267.0,10122.1,5.8,9.0,1.52,8.32,5.25,104.6,0,0,1,1,1,1,0,1,1,1,0,0,0,0,1
1995-05-31,507,256.31,2.42,359.62,367.4,421.97,3.67,94.8,12.3,0.53,64.65,39.79,1314.0,10122.1,5.6,9.0,1.52,7.96,5.22,102.0,0,0,1,1,1,1,0,1,1,1,0,0,0,0,1
1995-06-30,258,272.76,2.51,392.9,397.9,472.94,3.84,89.5,12.1,0.56,63.89,39.79,1281.0,10122.1,5.6,9.0,1.52,7.57,5.25,94.6,0,0,1,1,1,1,0,1,1,1,0,0,0,0,1
1995-07-31,216,286.91,2.63,440.91,446.58,498.13,4.1,88.2,12.0,0.59,61.86,39.79,1461.0,10208.8,5.7,8.8,1.53,7.61,5.26,101.4,0,0,1,1,1,1,0,1,1,0,0,0,0,0,1
1995-08-31,265,283.05,2.63,428.23,436.32,476.27,4.26,87.4,12.4,0.62,62.05,39.79,1416.0,10208.8,5.7,8.75,1.53,7.86,5.29,102.4,0,0,1,1,1,1,0,1,1,0,0,0,0,0,1
1995-09-30,316,299.18,2.69,452.54,470.4,499.8,4.53,85.4,12.8,0.61,63.91,39.79,1369.0,10208.8,5.6,8.75,1.53,7.64,5.32,97.3,0,0,1,1,1,1,0,1,1,0,0,0,0,0,1
1995-10-31,749,322.86,2.79,473.04,492.0,528.65,4.72,85.8,13.4,0.59,64.84,39.79,1369.0,10281.2,5.5,8.75,1.54,7.48,5.35,96.3,0,0,1,1,1,1,0,1,1,0,0,0,0,0,1
1995-11-30,620,328.0,2.87,490.79,493.21,534.13,4.81,85.0,14.0,0.61,67.83,39.79,1452.0,10281.2,5.6,8.75,1.54,7.38,5.36,101.6,0,0,1,1,1,1,0,1,1,0,0,0,0,0,1
1995-12-31,706,344.41,3.07,507.79,508.44,550.74,4.88,84.6,13.9,0.59,66.5,39.79,1431.0,10281.2,5.6,8.65,1.54,7.2,5.34,99.2,0,0,1,1,1,1,0,1,1,0,0,0,0,0,1
1996-01-31,457,362.27,3.09,496.82,496.7,540.2,4.83,84.6,14.1,0.59,64.35,58.95,1467.0,10348.7,5.6,8.5,1.55,7.03,5.36,88.4,0,0,1,1,1,1,0,1,1,0,0,0,0,0,1
1996-02-29,485,374.35,3.37,510.71,514.11,566.65,4.98,84.6,13.9,0.55,63.04,58.95,1491.0,10348.7,5.5,8.25,1.55,7.08,5.42,98.0,0,0,1,1,1,1,0,1,1,0,0,0,0,0,1
1996-03-31,591,393.52,3.51,499.08,510.37,563.05,5.07,85.5,13.8,0.54,61.7,58.95,1424.0,10348.7,5.5,8.25,1.56,7.62,5.45,98.4,0,0,1,1,1,1,0,1,1,0,0,0,0,0,1
1996-04-30,977,454.17,3.85,571.23,591.27,659.43,5.32,101.0,13.9,0.56,58.72,58.95,1516.0,10529.4,5.6,8.25,1.56,7.93,5.47,104.8,0,0,1,1,1,1,0,1,1,0,0,0,0,0,1
1996-05-31,515,496.81,4.14,556.89,615.05,699.94,5.75,105.3,14.3,0.62,59.76,58.95,1504.0,10529.4,5.6,8.25,1.56,8.07,5.5,103.5,0,0,1,1,1,1,0,1,1,0,0,0,0,0,1
1996-06-30,430,468.74,4.2,488.38,497.45,611.59,5.25,98.5,14.8,0.66,61.17,58.95,1467.0,10529.4,5.3,8.25,1.57,8.32,5.53,100.1,0,0,1,1,1,1,0,1,1,0,0,0,0,0,1
1996-07-31,216,466.93,4.43,462.04,469.17,533.9,4.73,96.5,15.4,0.64,63.55,58.95,1472.0,10626.8,5.5,8.25,1.57,8.25,5.56,107.0,0,0,1,1,1,1,0,1,1,0,0,0,0,0,1
1996-08-31,229,364.36,4.3,459.4,454.66,500.49,4.57,97.9,15.9,0.64,67.18,58.95,1557.0,10626.8,5.1,8.25,1.57,8.0,5.59,112.0,0,0,1,1,1,1,0,1,1,0,0,0,0,0,1
1996-09-30,380,342.04,3.56,444.98,436.28,470.41,4.37,96.6,16.5,0.64,71.42,58.95,1475.0,10626.8,5.2,8.25,1.58,8.23,5.61,111.8,0,0,1,1,1,1,0,1,1,0,0,0,0,0,1
1996-10-31,839,283.79,2.88,394.78,408.66,475.97,4.17,95.8,16.4,0.63,70.45,58.95,1392.0,10739.1,5.2,8.25,1.58,7.92,5.64,107.3,0,0,1,1,1,1,0,1,1,0,0,0,0,0,1
1996-11-30,486,268.05,2.66,357.91,393.25,479.29,4.1,97.0,15.2,0.65,71.25,58.95,1489.0,10739.1,5.4,8.25,1.59,7.62,5.67,109.5,0,0,1,1,1,1,0,1,1,0,0,0,0,0,1
1996-12-31,564,266.59,2.63,354.2,393.82,470.23,4.06,97.0,14.3,0.64,65.94,58.95,1370.0,10739.1,5.4,8.25,1.59,7.6,5.68,114.2,0,0,1,1,1,1,0,1,1,0,0,0,0,0,1
1997-01-31,378,268.03,2.69,346.68,381.68,457.03,4.02,104.0,13.5,0.62,65.0,51.31,1355.0,10820.9,5.3,8.25,1.59,7.82,5.68,118.7,0,0,1,1,1,1,0,1,1,0,0,0,0,0,1
1997-02-28,485,280.62,2.65,328.66,363.66,451.54,3.89,113.0,13.4,0.6,65.0,51.31,1486.0,10820.9,5.2,8.25,1.6,7.65,5.72,118.9,0,0,1,1,1,1,0,1,1,0,0,0,0,0,1
1997-03-31,759,304.66,2.79,349.05,381.96,458.91,3.93,116.0,13.6,0.58,67.5,51.31,1457.0,10820.9,5.2,8.3,1.6,7.9,5.75,118.5,0,0,1,1,1,1,0,1,1,0,0,0,0,0,1
1997-04-30,1272,299.3,2.8,376.64,408.42,478.18,4.1,123.0,13.2,0.6,67.29,51.31,1492.0,10984.2,5.1,8.5,1.6,8.14,5.76,118.5,0,0,1,1,1,1,0,1,1,0,0,0,0,0,1
1997-05-31,1044,283.54,2.69,357.34,386.21,460.96,4.08,125.3,12.7,0.59,67.2,51.31,1442.0,10984.2,4.9,8.5,1.6,7.94,5.79,127.9,0,0,1,1,1,1,0,1,1,0,0,0,0,0,1
1997-06-30,584,266.17,2.56,338.45,346.0,406.81,3.52,114.0,12.2,0.59,63.39,51.31,1494.0,10984.2,5.0,8.5,1.6,7.69,5.79,129.9,0,0,1,1,1,1,0,1,1,0,0,0,0,0,1
1997-07-31,474,254.85,2.42,330.22,335.8,356.92,3.23,107.0,12.1,0.63,63.22,51.31,1437.0,11124.0,4.9,8.5,1.6,7.5,5.82,126.3,0,0,1,1,1,1,0,1,1,0,0,0,0,0,1
1997-08-31,451,262.55,2.5,352.17,363.43,383.66,3.56,105.0,12.7,0.63,64.7,51.31,1390.0,11124.0,4.8,8.5,1.61,7.48,5.85,127.6,0,0,1,1,1,1,0,1,1,0,0,0,0,0,1
1997-09-30,557,264.36,2.52,348.93,363.49,385.49,3.66,106.0,13.1,0.6,65.79,51.31,1546.0,11124.0,4.9,8.5,1.61,7.43,5.87,130.2,0,0,1,1,1,1,0,1,1,0,0,0,0,0,1
1997-10-31,968,281.4,2.54,351.05,364.27,387.52,3.58,106.0,14.1,0.55,66.92,51.31,1520.0,11210.3,4.7,8.5,1.62,7.29,5.88,123.4,0,0,1,1,1,1,0,1,1,0,0,0,0,0,1
1997-11-30,654,276.11,2.51,343.7,346.87,385.84,3.54,107.0,14.7,0.55,67.33,51.31,1510.0,11210.3,4.6,8.5,1.62,7.21,5.9,128.1,0,0,1,1,1,1,0,1,1,0,0,0,0,0,1
1997-12-31,711,265.9,2.52,331.5,335.35,372.12,3.44,102.0,14.8,0.52,65.5,51.31,1566.0,11210.3,4.7,8.5,1.62,7.1,5.94,136.2,0,0,1,1,1,1,0,1,1,0,0,0,0,0,1
1998-01-31,488,271.11,2.56,326.88,331.99,360.94,3.32,102.0,14.7,0.54,63.97,47.12,1525.0,11321.2,4.6,8.5,1.62,6.99,5.98,128.3,0,0,1,1,1,1,0,1,1,0,0,0,0,0,1
1998-02-28,434,268.79,2.55,325.74,330.38,363.08,3.27,105.0,14.9,0.56,60.54,47.12,1584.0,11321.2,4.6,8.5,1.62,7.04,6.0,137.4,0,0,1,1,1,1,0,1,1,0,0,0,0,0,1
1998-03-31,759,266.41,2.55,324.56,328.27,361.06,3.33,102.0,14.5,0.58,62.11,47.12,1567.0,11321.2,4.7,8.5,1.62,7.13,5.97,133.8,0,0,1,1,1,1,0,1,1,0,0,0,0,0,1
1998-04-30,878,248.85,2.41,291.27,301.23,338.93,3.18,105.0,14.0,0.59,64.45,47.12,1540.0,11431.0,4.3,8.5,1.62,7.14,6.05,137.2,0,0,1,1,1,0,0,1,1,0,0,0,0,0,1
1998-05-31,468,242.65,2.34,287.28,294.66,334.13,3.06,102.0,13.3,0.6,64.81,47.12,1536.0,11431.0,4.4,8.5,1.63,7.14,6.09,136.3,0,0,0,0,0,0,0,1,1,0,0,0,0,0,1
1998-06-30,315,242.16,2.28,271.61,281.78,316.11,2.77,95.0,14.2,0.64,64.0,47.12,1641.0,11431.0,4.5,8.5,1.63,7.0,6.13,138.2,0,0,0,0,0,0,0,1,1,0,0,0,0,0,1
1998-07-31,346,230.38,2.19,251.3,264.3,301.86,2.56,92.1,14.3,0.69,60.38,47.12,1698.0,11580.6,4.5,8.5,1.63,6.95,6.17,137.2,0,0,0,0,0,0,0,1,1,0,0,0,0,0,1
1998-08-31,217,206.27,1.89,239.07,251.7,273.88,2.38,90.2,15.5,0.72,58.81,47.12,1614.0,11580.6,4.5,8.5,1.63,6.92,6.22,133.1,0,0,0,0,0,0,0,1,1,0,0,0,0,0,1
1998-09-30,227,200.42,1.84,232.12,256.92,280.7,2.39,87.1,16.8,0.71,58.08,47.12,1582.0,11580.6,4.6,8.49,1.64,6.72,6.23,126.4,0,0,0,0,0,0,0,0,0,0,0,0,0,0,1
1998-10-31,500,218.67,1.91,256.5,291.16,330.2,2.77,86.9,17.8,0.68,61.22,47.12,1715.0,11770.7,4.5,8.12,1.64,6.71,6.26,119.3,0,0,0,0,0,0,0,0,0,0,0,0,0,0,1
1998-11-30,325,219.11,1.93,257.54,286.19,342.48,2.95,84.4,17.9,0.64,61.88,47.12,1660.0,11770.7,4.4,7.89,1.64,6.87,6.3,126.4,0,0,0,0,0,0,0,0,0,0,0,0,0,0,1
1998-12-31,372,215.13,2.0,250.06,269.83,331.45,2.86,79.7,18.1,0.6,59.44,47.12,1792.0,11770.7,4.4,7.75,1.64,6.72,6.38,126.7,0,0,0,0,0,0,0,0,0,0,0,0,0,0,1
1999-01-31,335,216.71,2.06,246.32,276.88,326.29,2.84,81.4,17.4,0.59,61.38,47.72,1748.0,11864.7,4.3,7.75,1.65,6.79,6.36,128.9,0,0,0,0,0,0,0,0,0,0,0,0,0,0,0
1999-02-28,308,214.38,2.05,227.46,258.16,304.57,2.73,83.7,15.2,0.58,63.0,47.72,1670.0,11864.7,4.4,7.75,1.65,6.81,6.43,133.1,0,0,0,0,0,0,0,0,0,0,0,0,0,0,0
1999-03-31,395,219.86,2.06,235.65,268.1,303.12,2.65,83.2,15.2,0.57,64.83,47.72,1710.0,11864.7,4.2,7.75,1.65,7.04,6.4,134.0,0,0,0,0,0,0,0,0,0,0,0,0,0,0,0
1999-04-30,571,217.95,2.04,231.43,261.15,294.25,2.62,86.4,12.6,0.55,65.2,47.72,1553.0,11962.5,4.3,7.75,1.66,6.92,6.48,135.5,0,0,0,0,0,0,0,0,0,0,0,0,0,0,0
1999-05-31,367,217.89,1.99,224.46,254.01,288.89,2.49,91.0,12.8,0.6,65.0,47.72,1611.0,11962.5,4.2,7.75,1.66,7.15,6.52,137.7,0,0,0,0,0,0,0,0,0,0,0,0,0,0,0
1999-06-30,266,217.41,1.97,219.78,254.88,293.01,2.5,82.8,13.1,0.61,66.0,47.72,1559.0,11962.5,4.3,7.75,1.66,7.55,6.55,139.0,0,0,0,0,0,0,0,0,0,0,0,0,0,0,0
1999-07-31,195,191.99,1.74,194.36,243.73,267.67,2.22,83.4,13.8,0.6,64.38,47.72,1669.0,12113.1,4.3,8.0,1.67,7.63,6.57,136.2,0,0,0,0,0,0,0,0,0,0,0,0,0,0,0
1999-08-31,133,213.58,1.75,208.84,271.05,285.28,2.53,84.9,15.0,0.58,65.0,47.72,1648.0,12113.1,4.2,8.06,1.67,7.94,6.59,136.0,0,0,0,0,0,0,0,0,0,0,0,0,0,0,0
1999-09-30,232,206.49,1.75,211.69,271.38,292.39,2.58,79.8,15.7,0.57,65.8,47.72,1635.0,12113.1,4.2,8.25,1.68,7.82,6.61,134.2,0,0,0,0,0,0,0,0,0,0,0,0,0,0,0
1999-10-31,421,201.25,1.69,198.19,259.08,279.67,2.57,79.4,14.9,0.55,69.29,47.72,1608.0,12323.3,4.1,8.25,1.68,7.85,6.64,130.5,0,0,0,0,0,0,0,0,0,0,0,0,0,0,0
1999-11-30,257,195.62,1.7,196.4,247.1,288.8,2.66,77.0,14.4,0.6,69.33,47.72,1648.0,12323.3,4.1,8.37,1.68,7.74,6.69,137.0,0,0,0,0,0,0,0,0,0,0,0,0,0,0,0
1999-12-31,324,193.95,1.82,211.77,235.86,280.71,2.52,74.1,12.2,0.58,68.65,47.72,1708.0,12323.3,4.0,8.5,1.69,7.91,6.71,141.7,0,0,0,0,0,0,0,0,0,0,0,0,0,0,0
2000-01-31,223,215.99,1.91,234.02,258.46,290.24,2.51,76.0,12.0,0.56,68.8,51.38,1636.0,12359.1,4.0,8.5,1.69,8.21,6.75,144.7,0,0,0,0,0,0,0,0,0,0,0,0,0,0,0
2000-02-29,236,219.66,1.98,237.56,259.46,293.64,2.54,77.0,11.8,0.54,68.63,51.38,1737.0,12359.1,4.1,8.73,1.7,8.33,6.73,140.8,0,0,0,0,0,0,0,0,0,0,0,0,0,0,0
2000-03-31,420,227.45,2.03,233.51,256.07,290.53,2.59,77.7,11.8,0.55,71.58,51.38,1604.0,12359.1,4.0,8.83,1.71,8.24,6.81,137.1,0,0,0,0,0,0,0,0,0,0,0,0,0,0,0
2000-04-30,590,227.47,2.03,230.37,252.67,284.3,2.57,81.9,11.9,0.55,73.33,51.38,1626.0,12592.5,3.8,9.0,1.71,8.15,6.79,137.7,0,0,0,0,0,0,0,0,0,0,0,0,0,0,0
2000-05-31,294,235.78,2.11,245.41,270.72,294.62,2.59,87.9,12.0,0.56,71.25,51.38,1575.0,12592.5,4.0,9.24,1.71,8.52,6.77,144.7,0,0,0,0,0,0,0,0,0,0,0,0,0,0,0
2000-06-30,226,207.92,1.91,240.99,268.75,306.44,2.5,85.1,12.3,0.56,69.56,51.38,1559.0,12592.5,4.0,9.5,1.72,8.29,6.78,139.2,0,0,0,0,0,0,0,0,0,0,0,0,0,0,0
2000-07-31,264,181.58,1.64,213.68,245.38,297.13,2.32,83.3,12.6,0.57,67.5,51.38,1463.0,12607.7,4.0,9.5,1.73,8.15,6.79,143.0,0,0,0,0,0,0,0,0,0,0,0,0,0,0,0
2000-08-31,187,178.29,1.52,208.13,240.23,289.01,2.4,84.7,12.5,0.55,65.5,51.38,1541.0,12607.7,4.1,9.5,1.73,8.03,6.8,140.8,0,0,0,0,0,0,0,0,0,0,0,0,0,0,0
2000-09-30,211,187.83,1.61,213.37,251.28,313.38,2.43,86.0,12.9,0.58,65.17,51.38,1507.0,12607.7,3.9,9.5,1.74,7.91,6.81,142.5,0,0,0,0,0,0,0,0,0,0,0,0,0,0,0
2000-10-31,466,204.17,1.74,235.65,264.4,341.05,2.68,89.2,12.5,0.57,68.29,51.38,1549.0,12679.3,3.9,9.5,1.74,7.8,6.81,135.8,0,0,0,0,0,0,0,0,0,0,0,0,0,0,0
2000-11-30,144,210.67,1.86,241.58,257.68,345.67,2.82,88.0,12.5,0.58,72.5,51.38,1551.0,12679.3,3.9,9.5,1.74,7.75,6.82,132.6,0,0,0,0,0,0,0,0,0,0,0,0,0,0,0
2000-12-31,268,217.31,1.97,247.02,264.79,347.86,2.87,89.7,13.0,0.58,76.5,51.38,1532.0,12679.3,3.9,9.5,1.75,7.38,6.79,128.6,0,0,0,0,0,0,0,0,0,0,0,0,0,0,0
2001-01-31,255,218.99,1.98,257.3,282.13,354.11,2.84,91.0,13.0,0.57,77.99,55.54,1600.0,12643.3,4.2,9.05,1.76,7.03,6.82,115.7,0,0,0,0,0,0,0,0,0,0,0,0,0,0,0
2001-02-28,244,211.3,1.96,248.3,264.71,339.03,2.83,92.9,13.1,0.58,77.94,55.54,1625.0,12643.3,4.2,8.5,1.76,7.05,6.84,109.2,0,0,0,0,0,0,0,0,0,0,0,0,0,0,0
2001-03-31,491,211.17,1.96,255.73,268.83,344.84,2.87,95.0,13.9,0.59,79.78,55.54,1590.0,12643.3,4.3,8.32,1.76,6.95,6.86,116.9,0,0,0,0,0,0,0,0,0,0,0,0,0,0,0
2001-04-30,732,205.6,1.89,252.28,265.0,341.31,2.86,105.0,14.6,0.58,77.97,55.54,1649.0,12710.3,4.4,7.8,1.76,7.08,6.84,109.9,0,0,0,0,0,0,0,0,0,0,0,0,0,0,0
2001-05-31,385,196.14,1.82,251.45,265.15,349.97,2.98,109.0,15.5,0.59,74.8,55.54,1605.0,12710.3,4.3,7.24,1.77,7.15,6.85,116.1,0,0,0,0,0,0,0,0,0,0,0,0,0,0,0
2001-06-30,281,192.71,1.76,240.24,257.33,332.1,2.74,104.0,16.2,0.6,76.9,55.54,1636.0,12710.3,4.5,6.98,1.78,7.16,6.84,118.9,0,0,0,0,0,0,0,0,0,0,0,0,0,0,0
2001-07-31,244,212.45,1.87,255.54,274.48,319.26,2.63,104.0,16.2,0.61,70.74,55.54,1670.0,12670.1,4.6,6.75,1.77,7.13,6.85,116.3,0,0,0,0,0,0,0,0,0,0,0,0,0,0,0
2001-08-31,158,216.97,1.9,257.08,270.22,314.04,2.74,105.0,16.5,0.61,69.22,55.54,1567.0,12670.1,4.9,6.67,1.77,6.95,6.83,114.0,0,0,0,0,0,0,0,0,0,0,0,0,0,0,0
2001-09-30,169,216.51,1.91,257.37,270.49,318.37,2.85,108.0,17.1,0.62,68.63,55.54,1562.0,12670.1,5.0,6.28,1.78,6.82,6.81,97.0,0,0,0,0,0,0,0,0,0,0,0,0,0,0,0
2001-10-31,430,208.43,1.84,267.76,280.29,327.92,2.87,106.0,15.6,0.6,65.85,55.54,1540.0,12705.3,5.3,5.53,1.78,6.62,6.8,85.3,0,0,0,0,0,0,0,0,0,0,0,0,0,0,0
2001-11-30,225,204.85,1.85,274.54,283.34,336.99,2.87,104.0,14.4,0.59,63.03,55.54,1602.0,12705.3,5.5,5.1,1.78,6.66,6.78,84.9,0,0,0,0,0,0,0,0,0,0,0,0,0,0,0
2001-12-31,382,209.99,1.98,282.79,281.8,326.07,2.88,105.0,13.5,0.56,63.0,55.54,1568.0,12705.3,5.7,4.84,1.77,7.07,6.79,94.6,0,0,0,0,0,0,0,0,0,0,0,0,0,0,0
2002-01-31,271,210.02,1.97,296.31,298.86,329.43,2.87,101.0,13.6,0.57,66.65,39.66,1698.0,12822.3,5.7,4.75,1.78,7.0,6.78,97.8,0,0,0,0,0,0,0,0,0,0,0,0,0,0,0
2002-02-28,184,204.59,1.93,274.48,279.12,325.36,2.83,100.0,13.1,0.56,70.63,39.66,1829.0,12822.3,5.7,4.75,1.78,6.89,6.77,95.0,0,0,0,0,0,0,0,0,0,0,0,0,0,0,0
2002-03-31,374,203.61,1.94,276.0,277.15,323.1,2.87,99.6,12.6,0.55,72.04,39.66,1642.0,12822.3,5.7,4.75,1.79,7.01,6.76,110.7,0,0,0,0,0,0,0,0,0,0,0,0,0,0,0
2002-04-30,562,198.77,1.91,274.83,270.74,323.93,2.83,103.0,12.5,0.53,67.77,39.66,1592.0,12893.0,5.9,4.75,1.79,6.99,6.71,108.5,0,0,0,0,0,0,0,0,0,0,0,0,0,0,0
2002-05-31,352,205.64,1.93,272.64,270.8,321.38,2.81,108.0,12.1,0.56,63.66,39.66,1764.0,12893.0,5.8,4.75,1.8,6.81,6.68,110.3,0,0,0,0,0,0,0,0,0,0,0,0,0,0,0
2002-06-30,233,211.96,1.97,281.31,288.81,355.3,2.92,101.0,11.5,0.58,63.61,39.66,1717.0,12893.0,5.8,4.75,1.8,6.65,6.7,106.3,0,0,0,0,0,0,0,0,0,0,0,0,0,0,0
2002-07-31,134,232.52,2.13,318.86,326.18,390.99,3.21,100.0,11.1,0.57,63.2,39.66,1655.0,12955.8,5.8,4.75,1.8,6.49,6.69,97.4,0,0,0,0,0,0,0,0,0,0,0,0,0,0,0
2002-08-31,112,259.51,2.38,341.7,347.51,429.83,3.63,101.0,11.3,0.56,62.66,39.66,1633.0,12955.8,5.7,4.75,1.81,6.29,6.7,94.5,0,0,0,0,0,0,0,0,0,0,0,0,0,0,0
2002-09-30,172,267.73,2.47,391.76,399.24,505.4,4.21,101.0,11.6,0.56,64.97,39.66,1804.0,12955.8,5.7,4.75,1.81,6.09,6.7,93.7,0,0,0,0,0,0,0,0,0,0,0,0,0,0,0
2002-10-31,454,252.42,2.34,388.88,393.62,509.97,4.38,102.0,12.1,0.53,65.12,39.66,1648.0,12964.0,5.7,4.75,1.81,6.11,6.69,79.6,0,0,0,0,0,0,0,0,0,0,0,0,0,0,0
2002-11-30,114,243.07,2.28,384.79,385.95,476.43,4.25,101.0,11.9,0.53,69.62,39.66,1753.0,12964.0,5.9,4.35,1.82,6.07,6.71,84.9,0,0,0,0,0,0,0,0,0,0,0,0,0,0,0
2002-12-31,278,237.58,2.32,353.19,347.15,439.71,4.06,98.0,11.9,0.55,72.28,39.66,1788.0,12964.0,6.0,4.25,1.82,6.05,6.7,80.7,0,0,0,0,0,0,0,0,0,0,0,0,0,0,0
2003-01-31,215,235.82,2.33,332.42,319.51,405.98,3.89,98.5,11.8,0.61,78.07,61.47,1853.0,13031.2,5.8,4.25,1.83,5.92,6.7,78.8,0,0,0,0,0,0,0,0,0,0,0,0,0,0,0
2003-02-28,175,236.29,2.34,344.24,325.66,407.91,3.7,96.2,11.3,0.6,79.65,61.47,1629.0,13031.2,5.9,4.25,1.84,5.84,6.67,64.8,0,0,0,0,0,0,0,0,0,0,0,0,0,0,0
2003-03-31,335,233.15,2.33,314.42,300.48,382.81,3.55,96.7,11.0,0.6,76.82,61.47,1726.0,13031.2,5.9,4.25,1.84,5.75,6.65,61.4,0,0,0,0,0,0,0,0,0,0,0,0,0,0,0
2003-04-30,642,238.52,2.34,308.35,285.94,378.36,3.37,96.2,11.0,0.58,78.62,61.47,1643.0,13152.1,6.0,4.25,1.83,5.81,6.69,81.0,0,0,0,0,0,0,0,0,0,0,0,0,0,0,0
2003-05-31,341,245.92,2.38,325.43,315.18,387.7,3.33,101.0,11.0,0.59,78.7,61.47,1751.0,13152.1,6.1,4.25,1.83,5.48,6.71,83.6,0,0,0,0,0,0,0,0,0,0,0,0,0,0,0
2003-06-30,177,239.44,2.34,310.9,315.31,366.79,3.08,101.0,11.0,0.62,76.97,61.47,1867.0,13152.1,6.3,4.22,1.83,5.23,6.72,83.5,0,0,0,0,0,0,0,0,0,0,0,0,0,0,0
2003-07-31,176,215.44,2.17,322.7,324.89,333.92,2.95,93.8,12.1,0.63,74.94,61.47,1897.0,13372.4,6.2,4.0,1.84,5.63,6.74,77.0,0,0,0,0,0,0,0,0,0,0,0,0,0,0,0
2003-08-31,128,220.42,2.15,362.94,362.42,385.67,3.35,91.9,13.3,0.63,79.56,61.47,1833.0,13372.4,6.1,4.0,1.85,6.26,6.76,81.7,0,0,0,0,0,0,0,0,0,0,0,0,0,0,0
2003-09-30,256,228.88,2.2,345.8,350.75,374.44,3.39,90.1,14.5,0.64,86.61,61.47,1939.0,13372.4,6.1,4.0,1.85,6.15,6.78,77.0,0,0,0,0,0,0,0,0,0,0,0,0,0,0,0
2003-10-31,571,225.55,2.12,341.57,348.5,379.0,3.44,89.1,15.0,0.64,97.09,61.47,1967.0,13528.7,6.0,4.0,1.85,5.95,6.78,81.7,0,0,0,0,0,0,0,0,0,0,0,0,0,0,0
2003-11-30,160,237.28,2.2,386.51,384.14,420.54,3.61,86.8,14.4,0.64,99.53,61.47,2083.0,13528.7,5.8,4.0,1.85,5.93,6.8,92.5,0,0,0,0,0,0,0,0,0,0,0,0,0,0,0
2003-12-31,325,247.28,2.31,391.95,384.6,431.44,3.68,87.0,13.8,0.66,91.31,61.47,2057.0,13528.7,5.7,4.0,1.86,5.88,6.83,94.8,0,0,0,0,0,0,0,0,0,0,0,0,0,0,0
2004-01-31,255,266.73,2.39,389.56,390.29,432.23,3.68,84.8,13.2,0.69,78.88,87.89,1911.0,13606.5,5.7,4.0,1.86,5.71,6.85,97.7,0,0,0,0,0,0,0,0,0,0,0,0,0,0,0
2004-02-29,206,282.96,2.61,383.54,381.38,424.82,3.77,85.1,13.6,0.75,77.01,87.89,1846.0,13606.5,5.6,4.0,1.87,5.64,6.84,88.5,0,0,0,0,0,0,0,0,0,0,0,0,0,0,0
2004-03-31,448,302.49,2.75,385.34,385.53,430.23,3.83,86.2,15.5,0.76,84.18,87.89,1998.0,13606.5,5.8,4.0,1.87,5.45,6.89,88.5,0,0,0,0,0,0,0,0,0,0,0,0,0,0,0
2004-04-30,704,315.56,2.89,391.7,394.01,435.2,3.88,92.7,18.1,0.76,85.47,87.89,2003.0,13706.2,5.6,4.0,1.87,5.83,6.9,93.0,0,0,0,0,0,0,0,0,0,0,0,0,0,0,0
2004-05-31,290,299.81,2.87,372.61,376.38,428.11,3.82,108.0,19.3,0.8,86.99,87.89,1981.0,13706.2,5.6,4.0,1.88,6.27,6.95,93.1,0,0,0,0,0,0,0,0,0,0,0,0,0,0,0
2004-06-30,344,286.19,2.79,345.76,354.1,413.39,3.55,102.0,18.2,0.82,88.65,87.89,1828.0,13706.2,5.6,4.01,1.89,6.29,6.96,102.8,0,0,0,0,0,0,0,0,0,0,0,0,0,0,0
2004-07-31,244,235.63,2.51,326.42,329.12,396.96,3.37,98.7,16.1,0.82,84.56,87.89,2002.0,13830.8,5.5,4.25,1.89,6.06,6.98,105.7,0,0,0,0,0,0,0,0,0,0,0,0,0,0,0
2004-08-31,171,224.8,2.34,292.25,309.77,374.73,3.27,99.3,14.9,0.76,83.64,87.89,2024.0,13830.8,5.4,4.43,1.89,5.87,7.0,98.7,0,0,0,0,0,0,0,0,0,0,0,0,0,0,0
2004-09-30,202,213.99,2.2,296.89,321.42,400.87,3.36,97.5,15.5,0.69,82.84,87.89,1905.0,13830.8,5.4,4.58,1.9,5.75,7.03,96.7,0,0,0,0,0,0,0,0,0,0,0,0,0,0,0
2004-10-31,780,204.98,2.14,282.27,311.29,395.06,3.43,100.0,15.6,0.68,85.24,87.89,2072.0,13950.4,5.5,4.75,1.91,5.72,7.08,92.9,0,0,0,0,0,0,0,0,0,0,0,0,0,0,0
2004-11-30,223,198.94,2.05,278.6,303.42,422.08,3.46,95.2,16.2,0.68,85.58,87.89,1782.0,13950.4,5.4,4.93,1.92,5.73,7.09,92.6,0,0,0,0,0,0,0,0,0,0,0,0,0,0,0
2004-12-31,444,200.38,2.04,287.83,296.51,421.62,3.4,92.1,16.4,0.67,105.57,87.89,2042.0,13950.4,5.4,5.14,1.92,5.75,7.12,102.7,0,0,0,0,0,0,0,0,0,0,0,0,0,0,0
2005-01-31,292,200.13,2.12,293.43,299.33,413.49,3.43,94.5,16.1,0.71,88.84,79.26,2144.0,14099.1,5.3,5.25,1.92,5.71,7.1,105.1,0,0,0,0,0,0,0,0,0,0,0,0,0,0,0
2005-02-28,171,200.34,1.95,295.01,300.51,399.86,3.36,94.0,15.4,0.71,88.42,79.26,2207.0,14099.1,5.4,5.49,1.92,5.63,7.15,104.4,0,0,0,0,0,0,0,0,0,0,0,0,0,0,0
2005-03-31,381,213.82,2.02,327.58,340.7,399.97,3.42,98.6,15.5,0.73,89.76,79.26,1864.0,14099.1,5.2,5.58,1.93,5.93,7.18,103.0,0,0,0,0,0,0,0,0,0,0,0,0,0,0,0
2005-04-30,833,207.88,2.0,292.19,313.19,375.95,3.35,105.0,15.2,0.73,91.59,79.26,2061.0,14172.7,5.2,5.75,1.94,5.86,7.27,97.5,0,0,0,0,0,0,0,0,0,0,0,0,0,0,0
2005-05-31,351,208.11,1.98,294.69,315.32,380.33,3.31,114.0,14.7,0.73,89.25,79.26,2025.0,14172.7,5.1,5.98,1.94,5.72,7.29,103.1,0,0,0,0,0,0,0,0,0,0,0,0,0,0,0
2005-06-30,308,221.84,2.03,308.89,325.22,386.82,3.23,106.0,14.4,0.72,84.69,79.26,2068.0,14172.7,5.0,6.01,1.94,5.58,7.33,106.2,0,0,0,0,0,0,0,0,0,0,0,0,0,0,0
2005-07-31,240,236.43,2.11,322.21,332.64,382.5,3.2,105.0,14.8,0.73,80.17,79.26,2054.0,14291.8,5.0,6.25,1.95,5.7,7.35,103.63,0,0,0,0,0,0,0,0,0,0,0,0,0,0,0
2005-08-31,243,215.16,1.95,304.48,318.87,396.75,3.24,108.0,14.8,0.72,80.46,79.26,2095.0,14291.8,4.9,6.44,1.96,5.82,7.39,105.49,0,0,0,0,0,0,0,0,0,0,0,0,0,0,0
2005-09-30,286,204.21,1.9,292.67,320.38,431.08,3.36,106.0,15.3,0.73,84.72,79.26,2151.0,14291.8,5.0,6.59,1.99,5.77,7.42,87.5,0,0,0,0,0,0,0,0,0,0,0,0,0,0,0
2005-10-31,612,202.06,1.82,298.97,334.44,456.58,3.43,105.0,15.5,0.69,87.27,79.26,2065.0,14373.4,5.0,6.75,1.99,6.07,7.46,85.16,0,0,0,0,0,0,0,0,0,0,0,0,0,0,0
2005-11-30,233,192.89,1.77,282.65,306.11,445.76,3.45,97.6,15.1,0.67,89.53,79.26,2147.0,14373.4,5.0,7.0,1.98,6.33,7.52,98.32,0,0,0,0,0,0,0,0,0,0,0,0,0,0,0
2005-12-31,332,202.38,1.92,298.08,317.77,452.23,3.53,96.6,14.8,0.64,93.15,79.26,1994.0,14373.4,4.9,7.15,1.98,6.27,7.53,103.82,0,0,0,0,0,0,0,0,0,0,0,0,0,0,0
2006-01-31,251,213.39,2.0,311.36,334.91,446.19,3.52,95.1,14.4,0.63,94.93,57.44,2273.0,14546.1,4.7,7.26,1.99,6.15,7.6,106.78,0,0,0,0,0,0,0,0,0,0,0,0,0,0,0
2006-02-28,264,222.96,2.02,334.36,358.7,466.53,3.66,98.4,13.5,0.65,90.84,57.44,2119.0,14546.1,4.8,7.5,1.99,6.25,7.66,102.7,0,0,0,0,0,0,0,0,0,0,0,0,0,0,0
2006-03-31,446,223.59,2.06,328.73,356.73,462.41,3.79,100.0,12.6,0.62,85.82,57.44,1969.0,14546.1,4.7,7.53,2.0,6.32,7.69,107.52,0,0,0,0,0,0,0,0,0,0,0,0,0,0,0
2006-04-30,487,236.82,2.11,321.45,351.84,487.06,3.81,108.0,12.0,0.59,82.12,57.44,1821.0,14589.6,4.7,7.75,2.01,6.51,7.73,109.82,0,0,0,0,0,0,0,0,0,0,0,0,0,0,0
2006-05-31,300,245.48,2.17,354.44,391.73,521.6,4.09,114.0,11.9,0.6,79.03,57.44,1942.0,14589.6,4.6,7.93,2.01,6.6,7.71,104.69,0,0,0,0,0,0,0,0,0,0,0,0,0,0,0
2006-06-30,274,238.13,2.14,326.22,374.49,525.34,3.98,112.0,11.9,0.66,82.23,57.44,1802.0,14589.6,4.6,8.02,2.02,6.68,7.7,105.37,0,0,0,0,0,0,0,0,0,0,0,0,0,0,0
2006-07-31,230,244.35,2.14,343.46,390.1,526.71,3.88,111.0,11.7,0.69,80.76,57.44,1737.0,14602.6,4.7,8.25,2.03,6.76,7.71,107.01,0,0,0,0,0,0,0,0,0,0,0,0,0,0,0
2006-08-31,151,229.78,2.09,319.85,381.43,500.39,3.91,109.0,12.0,0.69,84.51,57.44,1650.0,14602.6,4.7,8.25,2.04,6.52,7.72,100.2,0,0,0,0,0,0,0,0,0,0,0,0,0,0,0
2006-09-30,240,241.93,2.2,338.69,407.39,516.88,4.06,111.0,13.0,0.7,89.12,57.44,1720.0,14602.6,4.5,8.25,2.03,6.4,7.72,105.88,0,0,0,0,0,0,0,0,0,0,0,0,0,0,0
2006-10-31,512,303.26,2.55,440.31,500.26,561.28,4.59,113.0,13.5,0.65,99.3,57.44,1491.0,14716.9,4.4,8.25,2.02,6.36,7.68,105.14,0,0,0,0,0,0,0,0,0,0,0,0,0,0,0
2006-11-30,148,355.81,2.88,434.89,487.51,560.45,4.59,110.0,13.9,0.66,86.87,57.44,1570.0,14716.9,4.5,8.25,2.02,6.24,7.67,105.3,0,0,0,0,0,0,0,0,0,0,0,0,0,0,0
2006-12-31,340,369.61,3.01,449.06,491.11,549.16,4.52,111.0,14.2,0.66,101.93,57.44,1649.0,14716.9,4.4,8.25,2.03,6.14,7.69,110.0,0,0,0,0,0,0,0,0,0,0,0,0,0,0,0
2007-01-31,230,390.88,3.05,419.21,466.14,528.73,4.53,112.0,14.5,0.71,94.53,70.01,1409.0,14726.0,4.6,8.25,2.03,6.22,7.73,110.2,0,0,0,0,0,0,0,0,0,0,0,0,0,0,0
2007-02-28,188,411.22,3.44,419.59,464.7,539.82,4.71,115.0,14.9,0.76,89.27,70.01,1480.0,14726.0,4.5,8.25,2.04,6.29,7.63,111.15,0,0,0,0,0,0,0,0,0,0,0,0,0,0,0
2007-03-31,449,402.01,3.43,407.34,459.48,540.0,4.75,121.0,15.6,0.79,96.55,70.01,1495.0,14726.0,4.4,8.25,2.05,6.16,7.71,108.16,0,0,0,0,0,0,0,0,0,0,0,0,0,0,0
2007-04-30,678,361.55,3.39,424.54,471.16,550.6,4.89,127.0,16.5,0.79,97.23,70.01,1490.0,14838.7,4.5,8.25,2.06,6.18,7.69,106.28,0,0,0,0,0,0,0,0,0,0,0,0,0,0,0
2007-05-31,394,370.28,3.49,449.8,485.97,553.74,4.88,142.0,18.0,0.81,96.36,70.01,1415.0,14838.7,4.4,8.25,2.07,6.26,7.67,108.52,0,0,0,0,0,0,0,0,0,0,0,0,0,0,0
2007-06-30,266,380.98,3.53,525.25,573.51,622.52,5.03,137.0,20.2,0.81,90.6,70.01,1448.0,14838.7,4.6,8.25,2.07,6.66,7.69,105.27,0,0,0,0,0,0,0,0,0,0,0,0,0,0,0
2007-07-31,235,325.98,3.32,552.29,613.35,628.08,5.17,136.0,21.6,0.81,89.31,70.01,1354.0,14938.5,4.7,8.25,2.08,6.7,7.66,111.94,0,0,0,0,0,0,0,0,0,0,0,0,0,0,0
2007-08-31,167,330.88,3.26,624.16,691.79,683.1,5.64,135.0,21.6,0.79,95.66,70.01,1330.0,14938.5,4.6,8.25,2.08,6.57,7.61,105.55,0,0,0,0,0,0,0,0,0,0,0,0,0,0,0
2007-09-30,302,351.04,3.28,798.36,862.96,851.86,6.76,135.0,21.8,0.76,93.78,70.01,1183.0,14938.5,4.7,8.03,2.09,6.38,7.58,99.46,0,0,0,0,0,0,0,0,0,0,0,0,0,0,0
2007-10-31,809,357.86,3.29,788.89,853.74,889.0,7.65,136.0,21.4,0.71,99.34,70.01,1264.0,14991.8,4.7,7.74,2.09,6.38,7.57,95.24,0,0,0,0,0,0,0,0,0,0,0,0,0,0,0
2007-11-30,271,381.55,3.44,757.16,791.65,861.63,7.39,136.0,21.9,0.72,93.07,70.01,1197.0,14991.8,4.7,7.5,2.11,6.21,7.52,87.78,0,0,0,0,0,0,0,0,0,0,0,0,0,0,0
2007-12-31,456,423.79,3.77,868.95,916.71,979.21,7.71,135.0,21.5,0.71,92.52,70.01,1037.0,14991.8,5.0,7.33,2.11,6.1,7.49,90.62,0,0,0,0,0,0,0,0,0,0,0,0,0,0,0
2008-01-31,273,488.57,3.98,855.44,923.89,997.36,7.96,136.0,20.5,0.76,92.5,78.22,1084.0,14889.5,5.0,6.98,2.12,5.76,7.48,87.32,0,0,0,0,0,0,0,0,0,0,0,0,0,0,0
2008-02-29,285,516.08,4.54,1011.75,1059.0,1227.85,10.1,138.0,19.1,0.79,88.66,78.22,1103.0,14889.5,4.9,6.0,2.13,5.92,7.45,76.39,0,0,0,0,0,0,0,0,0,0,0,0,0,0,0
2008-03-31,585,547.69,4.7,1039.53,1096.33,1229.33,10.5,144.0,18.1,0.79,89.82,78.22,1005.0,14889.5,5.1,5.66,2.13,5.97,7.41,65.86,0,0,0,0,0,0,0,0,0,0,0,0,0,0,0
2008-04-30,610,593.36,5.14,771.16,881.05,1029.27,10.1,146.0,18.1,0.78,88.7,78.22,1013.0,14963.4,5.0,5.24,2.14,5.92,7.33,62.76,0,0,0,0,0,0,0,0,0,0,0,0,0,0,0
2008-05-31,512,597.86,5.27,659.11,777.48,937.36,8.87,177.0,18.4,0.82,93.41,78.22,973.0,14963.4,5.4,5.0,2.15,6.04,7.27,58.07,0,0,0,0,0,0,0,0,0,0,0,0,0,0,0
2008-06-30,435,698.89,5.47,720.32,848.06,981.7,7.62,174.0,19.3,0.82,94.6,78.22,1046.0,14963.4,5.6,5.0,2.17,6.32,7.21,50.97,0,0,0,0,0,0,0,0,0,0,0,0,0,0,0
2008-07-31,347,641.63,5.25,687.11,812.36,865.36,7.15,179.0,19.4,0.83,98.27,78.22,923.0,14891.6,5.8,5.0,2.19,6.43,7.16,51.94,0,0,0,0,0,0,0,0,0,0,0,0,0,0,0
2008-08-31,412,549.32,5.26,676.94,818.73,864.38,7.61,179.0,18.4,0.79,98.68,78.22,844.0,14891.6,6.1,5.0,2.19,6.48,7.11,58.48,0,0,0,0,0,0,0,0,0,0,0,0,0,0,0
2008-09-30,545,539.82,5.01,544.65,719.32,753.07,7.43,175.0,18.2,0.78,98.76,78.22,820.0,14891.6,6.1,5.0,2.19,6.04,7.04,61.37,0,0,0,0,0,0,0,0,0,0,0,0,0,0,0
2008-10-31,734,412.63,4.37,376.21,569.91,617.21,6.65,171.0,17.8,0.77,91.7,78.22,777.0,14577.0,6.5,4.56,2.17,6.2,6.97,38.83,0,0,0,0,0,0,0,0,0,0,0,0,0,0,0
2008-11-30,342,373.82,4.26,368.18,533.41,620.97,6.29,165.0,17.1,0.78,91.09,78.22,652.0,14577.0,6.8,4.0,2.13,6.09,6.81,44.65,0,0,0,0,0,0,0,0,0,0,0,0,0,0,0
2008-12-31,560,362.38,4.11,400.85,535.05,607.45,5.95,152.0,15.5,0.82,86.15,78.22,560.0,14577.0,7.3,3.61,2.11,5.33,6.7,38.62,0,0,0,0,0,0,0,0,0,0,0,0,0,0,0
2009-01-31,313,390.96,4.36,463.11,588.9,659.28,6.2,148.0,13.3,0.82,83.38,62.26,490.0,14375.0,7.8,3.25,2.12,5.06,6.57,37.38,0,0,0,0,0,0,0,0,0,0,0,0,0,0,0
2009-02-28,382,361.88,3.87,428.28,534.51,618.04,5.79,141.0,11.6,0.8,81.16,62.26,582.0,14375.0,8.3,3.25,2.13,5.13,6.45,25.3,0,0,0,0,0,0,0,0,0,0,0,0,0,0,0
2009-03-31,499,376.5,3.85,440.13,521.13,624.25,5.71,138.0,11.7,0.77,81.22,62.26,505.0,14375.0,8.7,3.25,2.12,5.0,6.29,26.9,0,0,0,0,0,0,0,0,0,0,0,0,0,0,0
2009-04-30,608,387.23,3.85,442.9,526.4,609.65,5.75,132.0,11.9,0.77,86.87,62.26,478.0,14355.6,9.0,3.25,2.13,4.81,6.15,40.81,0,0,0,0,0,0,0,0,0,0,0,0,0,0,0
2009-05-31,513,417.97,3.96,496.15,585.69,669.99,5.85,133.0,11.6,0.83,84.59,62.26,540.0,14355.6,9.4,3.25,2.13,4.86,6.1,54.81,0,0,0,0,0,0,0,0,0,0,0,0,0,0,0
2009-06-30,436,412.45,4.01,495.73,580.41,662.41,5.72,122.0,11.3,0.86,82.24,62.26,585.0,14355.6,9.5,3.25,2.15,5.42,6.01,49.32,0,0,0,0,0,0,0,0,0,0,0,0,0,0,0
2009-07-31,448,332.57,3.6,444.78,514.02,558.53,5.17,116.0,11.3,0.83,82.29,62.26,594.0,14402.5,9.5,3.25,2.15,5.22,5.93,47.37,0,0,0,0,0,0,0,0,0,0,0,0,0,0,0
2009-08-31,399,327.14,3.33,418.07,486.43,515.01,4.85,109.0,12.1,0.75,82.46,62.26,586.0,14402.5,9.6,3.25,2.15,5.19,5.86,54.48,0,0,0,0,0,0,0,0,0,0,0,0,0,0,0
2009-09-30,559,322.39,3.25,369.8,451.88,456.26,4.48,109.0,13.0,0.73,84.48,62.26,585.0,14402.5,9.8,3.25,2.16,5.06,5.79,53.43,0,0,0,0,0,0,0,0,0,0,0,0,0,0,0
2009-10-31,687,372.01,3.61,401.28,496.58,505.55,4.47,109.0,14.3,0.71,83.83,62.26,534.0,14541.9,10.0,3.25,2.17,4.95,5.72,48.67,0,0,0,0,0,0,0,0,0,0,0,0,0,0,0
2009-11-30,315,389.94,3.65,452.71,539.54,557.35,4.79,109.0,15.4,0.72,86.0,62.26,588.0,14541.9,9.9,3.25,2.17,4.88,5.7,50.64,0,0,0,0,0,0,0,0,0,0,0,0,0,0,0
2009-12-31,542,395.5,3.6,467.32,532.76,536.66,4.87,109.0,16.5,0.73,81.87,62.26,581.0,14541.9,9.9,3.25,2.17,4.93,5.65,53.62,0,0,0,0,0,0,0,0,0,0,0,0,0,0,0
2010-01-31,327,385.87,3.66,454.72,522.12,523.79,4.9,111.0,16.1,0.82,85.22,77.09,614.0,14604.8,9.8,3.25,2.17,5.03,5.58,56.45,0,0,0,0,0,0,0,0,0,0,0,0,0,0,0
2010-02-28,456,362.78,3.55,436.82,488.79,510.17,4.73,110.0,15.9,0.81,90.11,77.09,604.0,14604.8,9.8,3.25,2.17,4.99,5.5,46.42,0,0,0,0,0,0,0,0,0,0,0,0,0,0,0
2010-03-31,705,363.6,3.55,438.48,479.5,497.25,4.7,113.0,14.8,0.84,97.2,77.09,636.0,14604.8,9.9,3.25,2.17,4.97,5.54,52.29,0,0,0,0,0,0,0,0,0,0,0,0,0,0,0
2010-04-30,853,354.02,3.41,442.65,476.7,485.94,4.41,112.0,14.6,0.82,98.11,77.09,687.0,14745.9,9.9,3.25,2.17,5.1,5.55,57.74,0,0,0,0,0,0,0,0,0,0,0,0,0,0,0
2010-05-31,461,364.45,3.48,448.59,476.74,478.35,4.34,120.0,15.1,0.86,100.71,77.09,583.0,14745.9,9.6,3.25,2.17,4.89,5.52,62.66,0,0,0,0,0,0,0,0,0,0,0,0,0,0,0
2010-06-30,569,346.78,3.41,426.4,449.4,450.28,4.16,120.0,15.5,0.87,92.63,77.09,536.0,14745.9,9.4,3.25,2.17,4.74,5.52,54.31,0,0,0,0,0,0,0,0,0,0,0,0,0,0,0
2010-07-31,435,374.83,3.49,537.71,564.56,525.35,4.49,118.0,16.0,0.86,93.0,77.09,546.0,14845.5,9.4,3.25,2.18,4.56,5.51,51.03,0,0,0,0,0,0,0,0,0,0,0,0,0,0,0
2010-08-31,412,408.61,3.65,628.5,687.11,675.09,5.44,118.0,16.7,0.83,99.19,77.09,599.0,14845.5,9.5,3.25,2.18,4.43,5.52,53.18,0,0,0,0,0,0,0,0,0,0,0,0,0,0,0
2010-09-30,653,482.81,4.08,642.62,704.58,700.96,5.79,119.0,17.7,0.84,97.41,77.09,594.0,14845.5,9.5,3.25,2.18,4.35,5.5,48.61,0,0,0,0,0,0,0,0,0,0,0,0,0,0,0
2010-10-31,1117,545.55,4.32,609.79,686.57,703.79,5.88,118.0,18.5,0.8,97.63,77.09,543.0,14939.0,9.4,3.25,2.19,4.23,5.51,49.92,0,0,0,0,0,0,0,0,0,0,0,0,0,0,0
2010-11-30,394,552.25,4.55,637.49,675.04,713.12,6.1,117.0,17.9,0.81,99.42,77.09,545.0,14939.0,9.8,3.25,2.2,4.3,5.51,57.82,0,0,0,0,0,0,0,0,0,0,0,0,0,0,0
2010-12-31,750,585.58,4.82,719.83,756.95,804.0,6.44,121.0,16.7,0.78,102.5,77.09,539.0,14939.0,9.3,3.25,2.2,4.71,5.47,63.4,0,0,0,0,0,0,0,0,0,0,0,0,0,0,0
2011-01-31,506,635.24,4.94,755.44,804.06,853.76,6.69,121.0,16.7,0.76,106.05,113.53,630.0,14881.3,9.1,3.25,2.21,4.76,5.43,64.79,0,0,0,0,0,0,0,0,0,0,0,0,0,0,0
2011-02-28,461,690.45,5.65,799.03,832.32,923.21,7.42,129.0,19.1,0.76,108.4,113.53,517.0,14881.3,9.0,3.25,2.22,4.95,5.45,72.02,0,0,0,0,0,0,0,0,0,0,0,0,0,0,0
2011-03-31,624,683.66,5.53,694.68,732.68,844.49,7.55,142.0,20.4,0.82,114.76,113.53,600.0,14881.3,9.0,3.25,2.23,4.84,5.48,63.82,0,0,0,0,0,0,0,0,0,0,0,0,0,0,0
2011-04-30,883,753.1,6.36,745.72,777.79,928.9,8.01,161.0,19.6,0.82,118.36,113.53,554.0,14989.6,9.1,3.25,2.24,4.84,5.49,66.02,0,0,0,0,0,0,0,0,0,0,0,0,0,0,0
2011-05-31,588,721.89,6.32,743.77,766.32,937.6,8.16,191.0,19.6,0.83,110.42,113.53,561.0,14989.6,9.0,3.25,2.25,4.64,5.52,61.74,0,0,0,0,0,0,0,0,0,0,0,0,0,0,0
2011-06-30,426,720.74,6.38,671.07,695.75,860.75,7.41,185.0,21.1,0.82,107.35,113.53,608.0,14989.6,9.1,3.25,2.25,4.51,5.53,57.62,0,0,0,0,0,0,0,0,0,0,0,0,0,0,0
2011-07-31,457,683.73,6.33,653.75,668.69,802.78,7.1,198.0,21.8,0.8,110.95,113.53,623.0,15021.1,9.0,3.25,2.25,4.55,5.55,59.23,0,0,0,0,0,0,0,0,0,0,0,0,0,0,0
2011-08-31,434,713.4,6.88,702.86,717.4,862.85,7.59,196.0,22.1,0.81,112.78,113.53,585.0,15021.1,9.0,3.25,2.26,4.27,5.55,45.18,0,0,0,0,0,0,0,0,0,0,0,0,0,0,0
2011-09-30,700,689.23,6.38,640.19,679.0,829.68,7.54,198.0,21.1,0.75,116.76,113.53,650.0,15021.1,9.0,3.25,2.27,4.11,5.58,46.37,0,0,0,0,0,0,0,0,0,0,0,0,0,0,0
2011-10-31,1125,632.12,5.73,596.49,626.61,776.93,7.27,204.0,20.0,0.74,120.33,113.53,610.0,15190.3,8.8,3.25,2.27,4.07,5.59,40.87,0,0,0,0,0,0,0,0,0,0,0,0,0,0,0
2011-11-30,481,627.04,5.83,609.51,612.48,773.82,7.3,193.0,20.5,0.77,124.09,113.53,711.0,15190.3,8.6,3.25,2.27,3.99,5.59,55.17,0,0,0,0,0,0,0,0,0,0,0,0,0,0,0
2011-12-31,662,602.01,5.86,593.62,605.98,745.21,7.2,195.0,19.7,0.8,122.33,113.53,694.0,15190.3,8.5,3.25,2.27,3.96,5.61,64.76,0,0,0,0,0,0,0,0,0,0,0,0,0,0,0
2012-01-31,359,630.86,6.07,622.63,630.5,769.16,7.05,193.0,18.9,0.82,124.33,96.46,723.0,15291.0,8.3,3.25,2.28,3.92,5.63,61.51,0,0,0,0,0,0,0,0,0,0,0,0,0,0,0
2012-02-29,487,640.39,6.28,643.64,648.64,758.69,7.1,194.0,17.6,0.86,126.23,96.46,704.0,15291.0,8.3,3.25,2.28,3.89,5.63,71.62,0,0,0,0,0,0,0,0,0,0,0,0,0,0,0
2012-03-31,745,650.8,6.35,643.99,649.16,752.18,7.2,200.0,17.2,0.93,126.43,96.46,695.0,15291.0,8.2,3.25,2.29,3.95,5.63,69.45,0,0,0,0,0,0,0,0,0,0,0,0,0,0,0
2012-04-30,883,633.95,6.34,623.99,630.86,711.21,7.11,210.0,16.8,0.85,122.04,96.46,753.0,15362.4,8.2,3.25,2.29,3.91,5.62,68.7,0,0,0,0,0,0,0,0,0,0,0,0,0,0,0
2012-05-31,611,617.01,6.34,629.23,636.23,724.35,6.67,215.0,16.2,0.87,121.33,96.46,708.0,15362.4,8.2,3.25,2.29,3.8,5.6,64.37,0,0,0,0,0,0,0,0,0,0,0,0,0,0,0
2012-06-30,499,603.19,6.37,655.98,655.9,758.88,6.7,205.0,16.3,0.85,118.67,96.46,757.0,15362.4,8.2,3.25,2.29,3.68,5.62,62.69,0,0,0,0,0,0,0,0,0,0,0,0,0,0,0
2012-07-31,552,777.37,7.14,856.89,860.9,911.29,7.89,203.0,16.9,0.83,115.25,96.46,740.0,15380.8,8.2,3.25,2.29,3.55,5.63,65.37,0,0,0,0,0,0,0,0,0,0,0,0,0,0,0
2012-08-31,583,803.54,7.63,870.38,876.92,943.09,8.04,203.0,18.2,0.83,119.5,96.46,754.0,15380.8,8.1,3.25,2.3,3.6,5.65,61.28,0,0,0,0,0,0,0,0,0,0,0,0,0,0,0
2012-09-30,774,763.26,6.89,861.74,876.09,956.33,8.27,206.0,19.7,0.83,125.67,96.46,847.0,15380.8,7.8,3.25,2.31,3.5,5.66,68.35,0,0,0,0,0,0,0,0,0,0,0,0,0,0,0
2012-10-31,1498,750.12,6.78,849.16,866.66,962.47,8.38,212.0,21.6,0.84,125.75,96.46,915.0,15384.3,7.8,3.25,2.32,3.38,5.67,73.08,0,0,0,0,0,0,0,0,0,0,0,0,0,0,0
2012-11-30,632,740.11,7.01,858.2,861.51,973.35,8.47,215.0,22.1,0.93,126.66,96.46,833.0,15384.3,7.7,3.25,2.31,3.35,5.68,71.54,0,0,0,0,0,0,0,0,0,0,0,0,0,0,0
2012-12-31,901,717.95,6.87,803.26,807.21,935.79,8.3,217.0,20.8,0.98,125.75,96.46,976.0,15384.3,7.9,3.25,2.31,3.35,5.72,66.69,0,0,0,0,0,0,0,0,0,0,0,0,0,0,0
2013-01-31,678,713.91,6.96,768.98,768.7,910.39,8.12,217.0,20.0,1.02,125.0,123.73,888.0,15491.9,8.0,3.25,2.32,3.41,5.74,58.43,0,0,0,0,0,0,0,0,0,0,0,0,0,0,0
2013-02-28,669,707.01,7.04,740.45,735.08,869.93,7.97,218.0,19.5,1.01,124.0,123.73,970.0,15491.9,7.7,3.25,2.33,3.53,5.79,68.04,0,0,0,0,0,0,0,0,0,0,0,0,0,0,0
2013-03-31,702,724.76,7.13,717.9,709.42,834.79,7.79,219.0,19.1,1.06,127.15,123.73,999.0,15491.9,7.5,3.25,2.32,3.57,5.81,61.9,0,0,0,0,0,0,0,0,0,0,0,0,0,0,0
2013-04-30,851,648.5,6.97,696.91,699.11,830.41,7.71,213.0,19.5,1.07,127.0,123.73,826.0,15521.6,7.6,3.25,2.32,3.45,5.8,68.95,0,0,0,0,0,0,0,0,0,0,0,0,0,0,0
2013-05-31,554,671.64,6.97,701.26,698.47,853.42,7.68,219.0,19.7,1.1,124.76,123.73,920.0,15521.6,7.5,3.25,2.32,3.54,5.83,74.26,0,0,0,0,0,0,0,0,0,0,0,0,0,0,0
2013-06-30,539,662.26,6.97,694.06,687.81,832.04,7.37,218.0,19.5,1.1,121.85,123.73,852.0,15521.6,7.5,3.25,2.32,4.07,5.86,82.13,0,0,0,0,0,0,0,0,0,0,0,0,0,0,0
2013-07-31,491,589.24,6.79,660.06,660.8,813.85,6.95,206.0,19.1,1.01,119.0,123.73,891.0,15641.3,7.3,3.25,2.33,4.37,5.86,81.01,0,0,0,0,0,0,0,0,0,0,0,0,0,0,0
2013-08-31,587,483.17,6.21,626.4,641.4,811.76,6.88,199.0,19.6,0.92,121.0,123.73,898.0,15641.3,7.3,3.25,2.33,4.46,5.88,81.76,0,0,0,0,0,0,0,0,0,0,0,0,0,0,0
2013-09-30,571,466.0,5.4,640.89,647.8,800.41,6.8,194.0,20.1,0.91,123.0,123.73,860.0,15641.3,7.3,3.25,2.34,4.49,5.91,80.2,0,0,0,0,0,0,0,0,0,0,0,0,0,0,0
2013-10-31,1225,439.16,4.63,678.73,688.95,869.66,6.94,193.0,20.9,0.92,127.5,123.73,921.0,15793.9,7.2,3.25,2.34,4.19,5.93,72.38,0,1,0,0,0,0,0,0,0,0,0,0,0,1,0
2013-11-30,643,423.0,4.37,645.89,650.6,844.87,6.85,188.0,21.6,0.92,132.0,123.73,1104.0,15793.9,6.9,3.25,2.34,4.26,5.96,72.03,0,0,0,0,0,0,0,0,0,0,0,0,0,0,0
2013-12-31,960,426.73,4.41,622.68,622.13,803.27,6.73,186.0,22.0,0.95,131.0,123.73,1010.0,15793.9,6.7,3.25,2.35,4.46,5.93,77.54,0,0,0,0,0,0,0,0,0,0,0,0,0,0,0
2014-01-31,631,426.86,4.42,585.82,575.11,755.71,6.65,186.0,23.5,0.97,95.76,92.59,902.0,15747.0,6.6,3.25,2.35,4.43,5.99,79.41,0,0,0,0,0,0,0,0,0,0,0,0,0,0,0
2014-02-28,575,447.29,4.35,608.28,595.91,805.8,6.5,190.0,24.8,0.93,145.0,92.59,948.0,15747.0,6.7,3.25,2.36,4.3,6.01,78.3,0,0,0,0,0,0,0,0,0,0,0,0,0,0,0
2014-03-31,655,482.43,4.52,690.71,679.02,887.0,6.74,193.0,25.1,1.02,148.86,92.59,973.0,15747.0,6.7,3.25,2.36,4.34,6.05,83.86,0,0,0,0,0,0,0,0,0,0,0,0,0,0,0
2014-04-30,745,501.86,4.71,691.05,683.1,881.21,6.82,207.0,25.3,1.1,146.67,92.59,1038.0,15900.8,6.2,3.25,2.36,4.34,6.09,81.71,0,0,0,0,0,0,0,0,0,0,0,0,0,0,0
2014-05-31,474,488.7,4.71,686.39,682.36,901.14,7.08,227.0,24.2,1.15,144.0,92.59,987.0,15900.8,6.2,3.25,2.37,4.19,6.11,82.21,0,0,0,0,0,0,0,0,0,0,0,0,0,0,0
2014-06-30,408,446.67,4.5,586.81,592.05,823.14,6.49,224.0,23.2,1.15,150.0,92.59,928.0,15900.8,6.1,3.25,2.37,4.16,6.13,86.37,0,0,0,0,0,0,0,0,0,0,0,0,0,0,0
2014-07-31,389,383.3,4.06,530.27,538.34,761.32,6.15,217.0,23.3,1.09,155.31,92.59,1085.0,16094.5,6.2,3.25,2.37,4.13,6.17,90.33,0,1,0,0,0,0,0,0,0,0,0,0,0,1,0
2014-08-31,369,359.35,3.63,534.15,546.42,733.15,5.97,207.0,24.2,0.99,160.62,92.59,984.0,16094.5,6.2,3.25,2.37,4.12,6.2,93.42,0,0,0,0,0,0,0,0,0,0,0,0,0,0,0
2014-09-30,486,335.39,3.49,481.83,500.2,709.77,5.71,197.0,25.7,1.06,162.31,92.59,999.0,16094.5,6.0,3.25,2.37,4.16,6.23,89.04,0,1,0,0,0,0,0,0,0,0,0,0,0,1,0
2014-10-31,731,349.41,3.57,504.44,511.22,734.46,5.71,193.0,24.9,1.07,164.0,92.59,1094.0,16186.7,5.7,3.25,2.38,4.04,6.25,94.05,0,0,0,0,0,0,0,0,0,0,0,0,0,0,0
2014-11-30,354,373.17,3.6,543.01,541.78,720.26,6.04,182.0,23.0,1.04,167.5,92.59,994.0,16186.7,5.8,3.25,2.37,4.0,6.27,91.03,0,0,0,0,0,0,0,0,0,0,0,0,0,0,0
2014-12-31,512,395.8,3.79,621.44,614.92,754.17,6.14,180.0,20.4,0.99,162.0,92.59,1081.0,16186.7,5.6,3.25,2.36,3.86,6.29,93.06,0,0,0,0,0,0,0,0,0,0,0,0,0,0,0
2015-01-31,220,388.52,3.82,556.09,545.79,675.15,6.15,170.0,17.6,1.0,166.8,80.88,1101.0,16269.0,5.7,3.25,2.35,3.71,6.34,103.8,0,0,0,0,0,0,0,0,0,0,0,0,0,0,0
2015-02-28,346,383.68,3.79,518.57,517.49,644.46,5.89,167.0,16.8,0.92,160.0,80.88,893.0,16269.0,5.5,3.25,2.35,3.71,6.36,98.82,0,0,0,0,0,0,0,0,0,0,0,0,0,0,0
2015-03-31,499,382.94,3.81,507.49,508.58,645.94,5.7,169.0,16.6,0.98,162.17,80.88,964.0,16269.0,5.5,3.25,2.36,3.77,6.35,101.44,0,0,0,0,0,0,0,0,0,0,0,0,0,0,0
2015-04-30,430,374.53,3.75,501.69,503.33,622.27,5.56,175.0,16.5,1.04,162.44,80.88,1192.0,16374.2,5.4,3.25,2.36,3.67,6.4,94.32,0,0,0,0,0,0,0,0,0,0,0,0,0,0,0
2015-05-31,260,359.24,3.64,487.21,489.99,618.13,5.33,187.0,16.8,1.07,160.02,80.88,1063.0,16374.2,5.5,3.25,2.37,3.84,6.43,94.6,0,0,0,0,0,0,0,0,0,0,0,0,0,0,0
2015-06-30,300,364.4,3.59,517.07,518.89,639.63,5.42,178.0,17.0,1.02,154.0,80.88,1213.0,16374.2,5.3,3.25,2.37,3.98,6.45,99.8,0,0,0,0,0,0,0,0,0,0,0,0,0,0,0
2015-07-31,268,406.35,3.8,539.72,546.97,626.97,5.23,172.0,16.7,0.93,147.82,80.88,1147.0,16454.9,5.3,3.25,2.38,4.05,6.47,91.0,0,0,0,0,0,0,0,0,0,0,0,0,0,0,0
2015-08-31,167,367.71,3.68,500.01,498.82,570.13,4.84,161.0,16.7,0.82,147.0,80.88,1132.0,16454.9,5.1,3.25,2.38,3.91,6.48,101.3,0,0,0,0,0,0,0,0,0,0,0,0,0,0,0
2015-09-30,249,373.8,3.68,485.56,485.99,543.6,4.72,160.0,17.5,0.79,128.0,80.88,1189.0,16454.9,5.1,3.25,2.37,3.89,6.49,102.6,0,0,0,0,0,0,0,0,0,0,0,0,0,0,0
2015-10-31,515,383.06,3.67,502.12,506.99,561.81,4.86,155.0,17.7,0.74,132.66,80.88,1073.0,16490.7,5.0,3.25,2.38,3.8,6.53,99.1,0,0,0,0,0,0,0,0,0,0,0,0,0,0,0
2015-11-30,222,366.31,3.59,497.44,495.48,552.15,4.86,147.0,18.2,0.74,130.5,80.88,1171.0,16490.7,5.0,3.25,2.38,3.94,6.59,92.6,0,0,0,0,0,0,0,0,0,0,0,0,0,0,0
2015-12-31,516,369.32,3.65,482.22,474.41,560.1,4.75,149.0,17.3,0.81,123.51,80.88,1160.0,16490.7,5.0,3.37,2.38,3.96,6.63,96.3,0,0,0,0,0,0,0,0,0,0,0,0,0,0,0
2016-01-31,243,361.84,3.66,474.38,473.2,546.16,4.82,141.0,16.1,0.88,133.58,65.86,1128.0,16525.0,4.9,3.5,2.38,3.87,6.64,97.8,0,0,0,0,0,0,0,0,0,0,0,0,0,0,0
2016-02-29,222,363.28,3.58,468.88,460.13,527.75,4.61,137.0,15.7,0.82,135.27,65.86,1213.0,16525.0,4.9,3.5,2.38,3.66,6.66,94.0,0,0,0,0,0,0,0,0,0,0,0,0,0,0,0
2016-03-31,258,363.49,3.56,470.02,463.76,533.53,4.4,139.0,15.3,0.84,137.23,65.86,1113.0,16525.0,5.0,3.5,2.38,3.69,6.71,96.1,0,0,0,0,0,0,0,0,0,0,0,0,0,0,0
2016-04-30,335,372.68,3.56,470.92,470.96,522.67,4.46,154.0,15.1,0.88,130.94,65.86,1155.0,16583.1,5.0,3.5,2.39,3.61,6.7,94.7,0,0,0,0,0,0,0,0,0,0,0,0,0,0,0
2016-05-31,234,389.42,3.68,464.76,465.11,507.89,4.45,147.0,14.5,0.92,128.42,65.86,1128.0,16583.1,4.7,3.5,2.39,3.6,6.69,92.4,0,0,0,0,0,0,0,0,0,0,0,0,0,0,0
2016-06-30,247,410.26,3.82,469.72,475.26,503.49,4.2,142.0,14.8,0.98,122.67,65.86,1195.0,16583.1,4.9,3.5,2.4,3.57,6.69,97.4,0,0,0,0,0,0,0,0,0,0,0,0,0,0,0
2016-07-31,152,343.3,3.6,412.4,418.88,424.26,3.75,140.0,16.1,0.91,117.76,65.86,1218.0,16727.0,4.9,3.5,2.4,3.44,6.71,96.7,0,0,0,0,0,0,0,0,0,0,0,0,0,0,0
2016-08-31,102,323.04,3.21,398.89,407.1,414.74,3.67,138.0,17.2,0.8,116.55,65.86,1164.0,16727.0,4.9,3.5,2.4,3.44,6.7,101.8,0,0,0,0,0,0,0,0,0,0,0,0,0,0,0
2016-09-30,200,328.9,3.22,375.02,390.98,424.61,3.49,137.0,17.4,0.78,106.08,65.86,1052.0,16727.0,4.9,3.5,2.41,3.46,6.73,103.5,0,0,0,0,0,0,0,0,0,0,0,0,0,0,0
2016-10-31,611,349.49,3.29,381.28,408.77,440.15,3.68,135.0,16.7,0.71,100.37,65.86,1320.0,16813.3,4.8,3.5,2.42,3.47,6.74,100.8,0,0,0,0,0,0,0,0,0,0,0,0,0,0,0
2016-11-30,205,344.98,3.23,388.16,403.23,464.19,3.88,130.0,17.8,0.76,106.77,65.86,1149.0,16813.3,4.6,3.5,2.42,3.77,6.77,109.4,0,0,0,0,0,0,0,0,0,0,0,0,0,0,0
2016-12-31,328,349.68,3.33,393.68,397.44,455.61,3.91,129.0,18.9,0.84,113.37,65.86,1275.0,16813.3,4.7,3.64,2.43,4.2,6.78,113.3,0,0,0,0,0,0,0,0,0,0,0,0,0,0,0
